Año,Trimestre,Provincia,Accesos TV por suscripción por cada 100 hab,Accesos TV por suscripción por cada 100 hogares
2024,2,Buenos Aires,15.8,45.98
2024,2,Capital Federal,22.48,55.15
2024,2,Catamarca,12.79,50.29
2024,2,Chaco,9.23,34.52
2024,2,Chubut,11.92,38.88
2024,2,Córdoba,28.64,93.54
2024,2,Corrientes,10.8,41.04
2024,2,Entre Ríos,17.91,59.9
2024,2,Formosa,15.32,60.2
2024,2,Jujuy,15.05,58.86
2024,2,La Pampa,21.43,65.04
2024,2,La Rioja,5.69,21.36
2024,2,Mendoza,6.74,24.15
2024,2,Misiones,10.14,37.22
2024,2,Neuquén,9.28,31.17
2024,2,Río Negro,12.4,40.3
2024,2,Salta,15.03,62.08
2024,2,San Juan,4.66,18.29
2024,2,San Luis,11.39,39.82
2024,2,Santa Cruz,9.91,33.32
2024,2,Santa Fe,19.21,61.1
2024,2,Santiago Del Estero,14.47,58.32
2024,2,Tierra Del Fuego,24.27,81.88
2024,2,Tucumán,7.32,29.57
2024,1,Buenos Aires,16.53,48.24
2024,1,Capital Federal,22.88,56.07
2024,1,Catamarca,11.93,46.89
2024,1,Chaco,9.37,35.04
2024,1,Chubut,11.89,38.78
2024,1,Córdoba,28.89,94.36
2024,1,Corrientes,10.87,41.29
2024,1,Entre Ríos,17.93,59.99
2024,1,Formosa,15.35,60.32
2024,1,Jujuy,15.06,58.89
2024,1,La Pampa,21.73,65.94
2024,1,La Rioja,5.66,21.28
2024,1,Mendoza,6.8,24.36
2024,1,Misiones,10.07,36.96
2024,1,Neuquén,9.41,31.61
2024,1,Río Negro,12.29,39.95
2024,1,Salta,14.95,61.71
2024,1,San Juan,4.74,18.62
2024,1,San Luis,11.36,39.69
2024,1,Santa Cruz,10.01,33.65
2024,1,Santa Fe,19.35,61.54
2024,1,Santiago Del Estero,14.59,58.77
2024,1,Tierra Del Fuego,24.17,81.54
2024,1,Tucumán,7.4,29.89
2023,4,Buenos Aires,16.74,48.96
2023,4,Capital Federal,23.29,57.01
2023,4,Catamarca,12.23,48.07
2023,4,Chaco,9.42,35.23
2023,4,Chubut,11.97,39.05
2023,4,Córdoba,28.96,94.59
2023,4,Corrientes,10.98,41.71
2023,4,Entre Ríos,18.08,60.48
2023,4,Formosa,12.67,49.79
2023,4,Jujuy,15.11,59.1
2023,4,La Pampa,22.13,67.17
2023,4,La Rioja,5.86,22.03
2023,4,Mendoza,7.02,25.15
2023,4,Misiones,10.21,37.5
2023,4,Neuquén,9.67,32.49
2023,4,Río Negro,12.61,41.02
2023,4,Salta,14.7,60.71
2023,4,San Juan,5.14,20.18
2023,4,San Luis,10.0,34.96
2023,4,Santa Cruz,10.62,35.7
2023,4,Santa Fe,19.42,61.77
2023,4,Santiago Del Estero,15.67,63.15
2023,4,Tierra Del Fuego,24.28,81.92
2023,4,Tucumán,7.49,30.25
2023,3,Buenos Aires,16.71,49.01
2023,3,Capital Federal,23.68,57.9
2023,3,Catamarca,13.22,51.98
2023,3,Chaco,9.75,36.47
2023,3,Chubut,12.23,39.89
2023,3,Córdoba,29.6,96.67
2023,3,Corrientes,12.2,46.35
2023,3,Entre Ríos,16.35,54.69
2023,3,Formosa,12.21,47.98
2023,3,Jujuy,15.48,60.54
2023,3,La Pampa,22.36,67.87
2023,3,La Rioja,8.59,32.28
2023,3,Mendoza,7.0,25.1
2023,3,Misiones,10.85,39.85
2023,3,Neuquén,10.91,36.65
2023,3,Río Negro,13.42,43.64
2023,3,Salta,14.81,61.17
2023,3,San Juan,5.52,21.68
2023,3,San Luis,9.23,32.26
2023,3,Santa Cruz,10.49,35.25
2023,3,Santa Fe,20.85,66.32
2023,3,Santiago Del Estero,14.83,59.77
2023,3,Tierra Del Fuego,24.47,82.55
2023,3,Tucumán,7.4,29.86
2023,2,Buenos Aires,17.36,51.04
2023,2,Capital Federal,26.59,64.95
2023,2,Catamarca,12.78,50.23
2023,2,Chaco,10.05,37.61
2023,2,Chubut,11.86,38.7
2023,2,Córdoba,31.36,102.43
2023,2,Corrientes,12.8,48.63
2023,2,Entre Ríos,16.91,56.57
2023,2,Formosa,12.34,48.48
2023,2,Jujuy,15.37,60.11
2023,2,La Pampa,22.44,68.11
2023,2,La Rioja,6.4,24.06
2023,2,Mendoza,6.97,24.99
2023,2,Misiones,11.24,41.28
2023,2,Neuquén,12.43,41.76
2023,2,Río Negro,13.3,43.24
2023,2,Salta,15.33,63.3
2023,2,San Juan,5.23,20.52
2023,2,San Luis,9.21,32.2
2023,2,Santa Cruz,10.02,33.68
2023,2,Santa Fe,21.62,68.75
2023,2,Santiago Del Estero,15.63,62.96
2023,2,Tierra Del Fuego,24.45,82.48
2023,2,Tucumán,8.3,33.51
2023,1,Buenos Aires,16.83,49.59
2023,1,Capital Federal,24.48,59.73
2023,1,Catamarca,12.69,49.87
2023,1,Chaco,9.64,36.08
2023,1,Chubut,11.97,39.06
2023,1,Córdoba,29.93,97.77
2023,1,Corrientes,12.2,46.33
2023,1,Entre Ríos,16.27,54.42
2023,1,Formosa,12.1,47.53
2023,1,Jujuy,15.26,59.67
2023,1,La Pampa,22.5,68.3
2023,1,La Rioja,6.2,23.28
2023,1,Mendoza,6.89,24.68
2023,1,Misiones,11.03,40.49
2023,1,Neuquén,11.32,38.03
2023,1,Río Negro,13.83,44.98
2023,1,Salta,14.67,60.57
2023,1,San Juan,5.29,20.76
2023,1,San Luis,9.21,32.18
2023,1,Santa Cruz,9.28,31.17
2023,1,Santa Fe,21.01,66.83
2023,1,Santiago Del Estero,15.47,62.32
2023,1,Tierra Del Fuego,24.2,81.64
2023,1,Tucumán,8.05,32.5
2022,4,Buenos Aires,16.53,48.83
2022,4,Capital Federal,23.97,58.44
2022,4,Catamarca,12.82,50.39
2022,4,Chaco,10.06,37.65
2022,4,Chubut,12.52,40.84
2022,4,Córdoba,29.71,97.05
2022,4,Corrientes,12.09,45.93
2022,4,Entre Ríos,16.43,54.96
2022,4,Formosa,11.06,43.45
2022,4,Jujuy,14.98,58.57
2022,4,La Pampa,23.13,70.19
2022,4,La Rioja,5.96,22.4
2022,4,Mendoza,6.67,23.91
2022,4,Misiones,11.17,41.01
2022,4,Neuquén,11.09,37.24
2022,4,Río Negro,13.82,44.93
2022,4,Salta,14.79,61.08
2022,4,San Juan,4.95,19.44
2022,4,San Luis,9.3,32.49
2022,4,Santa Cruz,9.52,31.99
2022,4,Santa Fe,21.25,67.59
2022,4,Santiago Del Estero,15.33,61.78
2022,4,Tierra Del Fuego,23.98,80.91
2022,4,Tucumán,7.92,31.98
2022,3,Buenos Aires,16.75,49.6
2022,3,Capital Federal,24.12,58.73
2022,3,Catamarca,12.36,48.58
2022,3,Chaco,9.9,37.06
2022,3,Chubut,12.48,40.73
2022,3,Córdoba,29.7,97.02
2022,3,Corrientes,11.89,45.17
2022,3,Entre Ríos,16.36,54.71
2022,3,Formosa,11.05,43.42
2022,3,Jujuy,14.77,57.76
2022,3,La Pampa,20.33,61.71
2022,3,La Rioja,5.99,22.49
2022,3,Mendoza,6.55,23.47
2022,3,Misiones,11.07,40.65
2022,3,Neuquén,10.82,36.34
2022,3,Río Negro,13.19,42.88
2022,3,Salta,14.67,60.58
2022,3,San Juan,4.92,19.32
2022,3,San Luis,9.08,31.72
2022,3,Santa Cruz,10.92,36.71
2022,3,Santa Fe,21.11,67.15
2022,3,Santiago Del Estero,15.11,60.9
2022,3,Tierra Del Fuego,24.01,81.0
2022,3,Tucumán,7.56,30.52
2022,2,Buenos Aires,16.76,49.77
2022,2,Capital Federal,24.18,58.82
2022,2,Catamarca,12.35,48.55
2022,2,Chaco,9.95,37.24
2022,2,Chubut,12.39,40.43
2022,2,Córdoba,29.77,97.25
2022,2,Corrientes,11.63,44.16
2022,2,Entre Ríos,16.32,54.59
2022,2,Formosa,10.96,43.07
2022,2,Jujuy,14.28,55.86
2022,2,La Pampa,21.41,64.98
2022,2,La Rioja,5.97,22.41
2022,2,Mendoza,6.4,22.95
2022,2,Misiones,11.07,40.64
2022,2,Neuquén,11.14,37.43
2022,2,Río Negro,14.05,45.67
2022,2,Salta,14.65,60.5
2022,2,San Juan,4.69,18.4
2022,2,San Luis,9.06,31.65
2022,2,Santa Cruz,10.97,36.86
2022,2,Santa Fe,20.91,66.49
2022,2,Santiago Del Estero,14.89,60.0
2022,2,Tierra Del Fuego,23.39,78.89
2022,2,Tucumán,7.65,30.89
2022,1,Buenos Aires,16.6981587352893,49.6953984270073
2022,1,Capital Federal,24.1917452485677,58.7770022477227
2022,1,Catamarca,11.1847961017106,43.9715584088385
2022,1,Chaco,9.78368419117497,36.6073475776595
2022,1,Chubut,12.2228442392487,39.8778954929072
2022,1,Córdoba,29.4055442431756,96.0472066117962
2022,1,Corrientes,11.5417678905629,43.8334786952846
2022,1,Entre Ríos,16.288319027563,54.4793152639087
2022,1,Formosa,10.9703251270091,43.1044095123967
2022,1,Jujuy,14.008591851377,54.7833584179732
2022,1,La Pampa,21.6476856770131,65.7043571237637
2022,1,La Rioja,5.90772399280656,22.1934627819619
2022,1,Mendoza,5.96299376771994,21.3690532061284
2022,1,Misiones,10.883199803112,39.9585939086149
2022,1,Neuquén,11.2110824635826,37.6655748103292
2022,1,Río Negro,14.1304063012593,45.9424345818478
2022,1,Salta,14.8584770989714,61.352899903133
2022,1,San Juan,4.33656493840578,17.024701966478
2022,1,San Luis,8.9618095179348,31.3152949259401
2022,1,Santa Cruz,10.9775632608901,36.8961773713802
2022,1,Santa Fe,20.784484665167,66.1006999763774
2022,1,Santiago Del Estero,14.6311650087253,58.9561004852521
2022,1,Tierra Del Fuego,23.6804501700322,79.8789373388634
2022,1,Tucumán,6.91761573303619,27.9273510764837
2021,4,Buenos Aires,16.89,50.38
2021,4,Capital Federal,24.22,58.79
2021,4,Catamarca,10.68,42.01
2021,4,Chaco,9.61,35.97
2021,4,Chubut,12.1,39.48
2021,4,Córdoba,29.33,95.8
2021,4,Corrientes,10.27,39.01
2021,4,Entre Ríos,16.34,54.64
2021,4,Formosa,11.01,43.27
2021,4,Jujuy,13.84,54.13
2021,4,La Pampa,22.72,68.95
2021,4,La Rioja,6.39,24.01
2021,4,Mendoza,5.73,20.53
2021,4,Misiones,10.9,40.03
2021,4,Neuquén,11.35,38.12
2021,4,Río Negro,14.62,47.53
2021,4,Salta,14.24,58.79
2021,4,San Juan,4.22,16.59
2021,4,San Luis,8.98,31.37
2021,4,Santa Cruz,11.02,37.05
2021,4,Santa Fe,20.89,66.45
2021,4,Santiago Del Estero,19.23,77.49
2021,4,Tierra Del Fuego,23.65,79.76
2021,4,Tucumán,6.39,25.79
2021,3,Buenos Aires,16.7814258424723,50.1850133691485
2021,3,Capital Federal,24.2120256370953,58.6944473310471
2021,3,Catamarca,10.3777182462128,40.7986957010607
2021,3,Chaco,9.48543789742251,35.4914210943403
2021,3,Chubut,11.8441951222605,38.6420640543629
2021,3,Córdoba,29.0564322788735,94.9065146954537
2021,3,Corrientes,10.2220490570005,38.8213346217856
2021,3,Entre Ríos,17.41547763206,58.2491140256192
2021,3,Formosa,10.8338244924689,42.5678500897377
2021,3,Jujuy,13.8205674476641,54.0475140778742
2021,3,La Pampa,22.3984613769129,67.9828902121949
2021,3,La Rioja,5.18754928096722,19.4880668033326
2021,3,Mendoza,5.58176561322099,20.0027762601285
2021,3,Misiones,10.9993509437153,40.3848530929391
2021,3,Neuquén,11.5610873830208,38.8411910175103
2021,3,Río Negro,14.7876109927657,48.0788599592843
2021,3,Salta,16.8341308587667,69.5103236407802
2021,3,San Juan,4.30014528543087,16.8816083395383
2021,3,San Luis,8.9900300398139,31.4137793167942
2021,3,Santa Cruz,11.2281671574516,37.7376018293554
2021,3,Santa Fe,23.1160721167658,73.5156976334774
2021,3,Santiago Del Estero,19.2622180735964,77.616399768788
2021,3,Tierra Del Fuego,23.7944969760833,80.2616652801936
2021,3,Tucumán,6.59964523544921,26.6435091611593
2021,2,Buenos Aires,16.5784524479587,49.6969378697222
2021,2,Capital Federal,24.0857930792543,58.3222495852935
2021,2,Catamarca,10.2260595421488,40.2016844595927
2021,2,Chaco,9.64878644451612,36.1016865659694
2021,2,Chubut,11.7627305309932,38.3747494781877
2021,2,Córdoba,28.2726982880602,92.3448719239677
2021,2,Corrientes,9.97399796552008,37.8785025990007
2021,2,Entre Ríos,15.9340777293726,53.2933644468378
2021,2,Formosa,9.94476860061317,39.07382939641
2021,2,Jujuy,13.6734153866706,53.4706978566513
2021,2,La Pampa,22.0735600738757,66.9955458441886
2021,2,La Rioja,5.09313900286775,19.1328792709847
2021,2,Mendoza,5.40968410320338,19.3856270482518
2021,2,Misiones,11.0125124523983,40.4321548079168
2021,2,Neuquén,11.6294336825151,39.0695953109684
2021,2,Río Negro,14.6846674115555,47.7427980620005
2021,2,Salta,13.5695254914538,56.0287550375776
2021,2,San Juan,4.27560851926978,16.7850335193028
2021,2,San Luis,8.88722898503363,31.0536546905374
2021,2,Santa Cruz,11.3240338929575,38.0572404187447
2021,2,Santa Fe,18.9536671101574,60.2771275963968
2021,2,Santiago Del Estero,16.3989479622085,66.077950484181
2021,2,Tierra Del Fuego,23.7721464740445,80.1818250979497
2021,2,Tucumán,6.66375142016097,26.901619909353
2021,1,Buenos Aires,16.5674848978494,49.7818249902129
2021,1,Capital Federal,24.0701637190267,58.2168394069438
2021,1,Catamarca,10.2346298649855,40.2358011216079
2021,1,Chaco,9.75968061896572,36.5167984494689
2021,1,Chubut,11.6859624311864,38.1251531439475
2021,1,Córdoba,28.6720904720105,93.6500075494489
2021,1,Corrientes,10.0335626142819,38.1047524385519
2021,1,Entre Ríos,15.8938326518815,53.1590246710724
2021,1,Formosa,9.94033628638583,39.0566171769553
2021,1,Jujuy,13.7617443829812,53.8167477561875
2021,1,La Pampa,22.223332084738,67.4509869972377
2021,1,La Rioja,4.95664353986225,18.6203437310721
2021,1,Mendoza,5.29907849924739,18.9894086969585
2021,1,Misiones,10.8717076004427,39.9154393914873
2021,1,Neuquén,11.6954872621928,39.2920211912024
2021,1,Río Negro,14.6826191628919,47.7367799139217
2021,1,Salta,14.1982864989374,58.6253989247003
2021,1,San Juan,4.31176054870019,16.9270612422094
2021,1,San Luis,8.89396623715162,31.0777642936035
2021,1,Santa Cruz,11.9011559247533,39.9987342458818
2021,1,Santa Fe,19.3254049418763,61.4596008761256
2021,1,Santiago Del Estero,16.1990549620584,65.2729764559085
2021,1,Tierra Del Fuego,23.8456956460077,80.4339922310033
2021,1,Tucumán,6.47037228090782,26.1212005171953
2020,4,Buenos Aires,16.8846976983171,50.8549912240842
2020,4,Capital Federal,24.6228194899211,59.4844520654422
2020,4,Catamarca,10.097429230688,39.6963696369637
2020,4,Chaco,9.75848733978877,36.5123315472286
2020,4,Chubut,11.7508692491965,38.3370325390511
2020,4,Córdoba,28.415459436127,92.8119612949766
2020,4,Corrientes,9.94445960807883,37.7664028524351
2020,4,Entre Ríos,15.5494217180975,52.0072317079621
2020,4,Formosa,9.81284708269379,38.5557137310729
2020,4,Jujuy,14.1670713060727,55.4019180558852
2020,4,La Pampa,22.1098024823168,67.106329113924
2020,4,La Rioja,5.98868228770444,22.4974601938798
2020,4,Mendoza,5.32806119232574,19.0932708909691
2020,4,Misiones,10.9270545744995,40.1186933301651
2020,4,Neuquén,11.9068127311593,40.00211371803
2020,4,Río Negro,14.8354587356163,48.2336603851944
2020,4,Salta,14.2368621950972,58.7848672219274
2020,4,San Juan,4.30184129767646,16.8881395279026
2020,4,San Luis,8.96202135259177,31.3156526972316
2020,4,Santa Cruz,12.0009094058548,40.3343915728957
2020,4,Santa Fe,19.2993627341546,61.3768201038612
2020,4,Santiago Del Estero,9.39782238503498,37.8678445896341
2020,4,Tierra Del Fuego,24.2236414796044,81.7103692580186
2020,4,Tucumán,6.52467909513019,26.3404318873082
2020,3,Buenos Aires,16.803753974921,50.7306337256727
2020,3,Capital Federal,24.1027339770325,58.1605574429665
2020,3,Catamarca,9.80361993125496,38.5409874793291
2020,3,Chaco,9.94055493115578,37.193406831961
2020,3,Chubut,10.6099321402564,34.6142525255711
2020,3,Córdoba,29.0411473863955,94.8551083424887
2020,3,Corrientes,10.1603010723564,38.5860554506635
2020,3,Entre Ríos,16.9402753353078,56.6588756897424
2020,3,Formosa,9.92892704089294,39.0117549421978
2020,3,Jujuy,14.1486785709661,55.3295996597158
2020,3,La Pampa,22.0780559564474,67.0097077526722
2020,3,La Rioja,4.98955332873545,18.7438085803551
2020,3,Mendoza,5.26645252287734,18.8723943869563
2020,3,Misiones,10.9176567791278,40.0839725708973
2020,3,Neuquén,12.0459893787437,40.4692067306479
2020,3,Río Negro,15.0130008115496,48.8104950701291
2020,3,Salta,14.2807299508382,58.9654653699064
2020,3,San Juan,4.30158089231225,16.8870517888316
2020,3,San Luis,8.99003680981595,31.4132641861486
2020,3,Santa Cruz,12.1394414065053,40.7986381233926
2020,3,Santa Fe,19.4901427965047,61.9833664148876
2020,3,Santiago Del Estero,9.34652968260188,37.66097597079
2020,3,Tierra Del Fuego,24.3499483174457,82.1317889517316
2020,3,Tucumán,6.48483681309524,26.1794544421382
2020,2,Buenos Aires,16.6344276346558,50.3370365165193
2020,2,Capital Federal,24.0030955876495,57.8523006026787
2020,2,Catamarca,9.68692263036058,38.0814393939394
2020,2,Chaco,9.77120129085113,36.5587219477924
2020,2,Chubut,10.3719389975394,33.8364673657767
2020,2,Córdoba,29.2276261992072,95.4624639243367
2020,2,Corrientes,9.95688350510585,37.812544503896
2020,2,Entre Ríos,15.7817551120909,52.7830639785933
2020,2,Formosa,9.80358114286376,38.5182586550768
2020,2,Jujuy,12.6932994710314,49.6369673829156
2020,2,La Pampa,22.5803929889608,68.5337084364302
2020,2,La Rioja,4.90890405034826,18.4404414926657
2020,2,Mendoza,5.16201508366011,18.4976826991689
2020,2,Misiones,11.2824598673315,41.4221284728697
2020,2,Neuquén,11.9747823150583,40.2285054467555
2020,2,Río Negro,14.942810391878,48.5808192938923
2020,2,Salta,14.2390293714373,58.7914909916053
2020,2,San Juan,4.24446716428236,16.6624753550879
2020,2,San Luis,9.0399585664463,31.5869509870707
2020,2,Santa Cruz,11.9796461922925,40.2587596114002
2020,2,Santa Fe,19.0332705835616,60.5295434073879
2020,2,Santiago Del Estero,9.21779393726105,37.1416793767262
2020,2,Tierra Del Fuego,24.2202937403945,81.6915132027672
2020,2,Tucumán,5.73902812012142,23.1679924459197
2020,1,Buenos Aires,16.9020247032997,51.2650533437419
2020,1,Capital Federal,24.119481921911,58.0633769731897
2020,1,Catamarca,9.49658766925861,37.3335611043096
2020,1,Chaco,9.54249912124781,35.7034003683655
2020,1,Chubut,10.9527398907033,35.7318126652852
2020,1,Córdoba,28.3591942245788,92.6266783100379
2020,1,Corrientes,9.8518993764043,37.4139835188174
2020,1,Entre Ríos,15.9601977519503,53.3802118003026
2020,1,Formosa,9.8152891781462,38.5642955257111
2020,1,Jujuy,12.7137346090901,49.7174278295402
2020,1,La Pampa,22.3534381941996,67.8450120580143
2020,1,La Rioja,4.8116973273169,18.0755697452565
2020,1,Mendoza,5.19935691156223,18.6316238266261
2020,1,Misiones,11.4074722476425,41.8815005258852
2020,1,Neuquén,11.8479140357378,39.8027619425053
2020,1,Río Negro,14.7540322959807,47.9676643097658
2020,1,Salta,13.1869162238739,54.4480992024218
2020,1,San Juan,3.89280057345681,15.2820854199132
2020,1,San Luis,9.41469996187421,32.8966350301984
2020,1,Santa Cruz,11.9446565990499,40.1432595722599
2020,1,Santa Fe,19.0213465422435,60.4918558963383
2020,1,Santiago Del Estero,9.1228725160978,36.7594062024731
2020,1,Tierra Del Fuego,24.1215933401544,81.3620141966352
2020,1,Tucumán,6.54072505684316,26.4046435208105
2019,4,Buenos Aires,16.1925426483997,49.2263878210486
2019,4,Capital Federal,29.1664389159587,70.1291823095416
2019,4,Catamarca,9.92693489463625,39.0254805543138
2019,4,Chaco,9.54529323597072,35.7138840289928
2019,4,Chubut,11.4018459851943,37.1972474867084
2019,4,Córdoba,29.7892175811183,97.297545248424
2019,4,Corrientes,9.84320885577618,37.381016438888
2019,4,Entre Ríos,15.9888085956485,53.4759423159039
2019,4,Formosa,9.82123437440332,38.5876904008611
2019,4,Jujuy,12.4162322428021,48.5541430540665
2019,4,La Pampa,22.7229270344151,68.9661921253946
2019,4,La Rioja,4.85980590479605,18.2562356313547
2019,4,Mendoza,5.17446867873259,18.5424670039177
2019,4,Misiones,11.5255987430247,42.3152306705222
2019,4,Neuquén,11.6530059204996,39.1480316646362
2019,4,Río Negro,14.9040683845458,48.4555595474899
2019,4,Salta,13.3752614911111,55.2258505348054
2019,4,San Juan,3.80240380961704,14.9271844660194
2019,4,San Luis,9.59541214774184,33.5281328329479
2019,4,Santa Cruz,13.3051068481596,44.7156897484195
2019,4,Santa Fe,18.6948407750058,59.4535315750059
2019,4,Santiago Del Estero,9.24289211981363,37.2430566777296
2019,4,Tierra Del Fuego,24.3207197299843,82.0334234358661
2019,4,Tucumán,6.73903872320956,27.2052579817218
2019,3,Buenos Aires,15.7350825731017,47.9456944092478
2019,3,Capital Federal,28.0700064309686,67.4122631842635
2019,3,Catamarca,9.8999578106133,38.9190734915642
2019,3,Chaco,9.33715273010973,34.9349327403417
2019,3,Chubut,11.5175938667191,37.5741510704475
2019,3,Córdoba,29.6118873007508,96.7177760414294
2019,3,Corrientes,9.79933979043334,37.2143266710354
2019,3,Entre Ríos,15.7287595836802,52.6059689370156
2019,3,Formosa,9.82703774689879,38.6102758530527
2019,3,Jujuy,11.9694127227049,46.8064628427498
2019,3,La Pampa,23.206142901695,70.4329362406092
2019,3,La Rioja,5.16077319110892,19.3867801615565
2019,3,Mendoza,5.26504085640084,18.8669206492172
2019,3,Misiones,11.4835430396804,42.1606185954686
2019,3,Neuquén,11.7818265956491,39.5804567723196
2019,3,Río Negro,15.0707359677254,48.9969495310014
2019,3,Salta,13.3685643604746,55.1977972084304
2019,3,San Juan,3.97511966171832,15.6051310652538
2019,3,San Luis,9.85081154148155,34.4203653538932
2019,3,Santa Cruz,13.422959333249601,45.1099246525855
2019,3,Santa Fe,18.6580731680662,59.3364203117872
2019,3,Santiago Del Estero,9.24486791425767,37.250756040012
2019,3,Tierra Del Fuego,25.2314719437757,85.1039329746471
2019,3,Tucumán,6.55027143062324,26.4430340765833
2019,2,Buenos Aires,15.4828178580308,47.2846084908126
2019,2,Capital Federal,26.3867497347557,63.2934710630216
2019,2,Catamarca,8.03974552753464,31.6055444636563
2019,2,Chaco,9.10780762736614,34.0758951559223
2019,2,Chubut,14.424207927063,47.0545302328577
2019,2,Córdoba,28.6021308197719,93.4180205497497
2019,2,Corrientes,9.76292107607404,37.0750428420437
2019,2,Entre Ríos,15.4222304166809,51.5798812529857
2019,2,Formosa,10.1878280238211,40.0268561883863
2019,2,Jujuy,11.6248844731978,45.4580456377217
2019,2,La Pampa,23.4035723939094,71.0304811874589
2019,2,La Rioja,6.67266391034035,25.0656002788617
2019,2,Mendoza,7.09698626907651,25.4309277599767
2019,2,Misiones,11.3541382464812,41.6841218356062
2019,2,Neuquén,12.0925508762552,40.6227393760293
2019,2,Río Negro,14.7470006985371,47.9429040110064
2019,2,Salta,13.2014547214393,54.5059988892578
2019,2,San Juan,5.6146598892738,22.0410674068764
2019,2,San Luis,10.6808197515699,37.3195373467113
2019,2,Santa Cruz,14.7626246164567,49.6086188826046
2019,2,Santa Fe,17.1960409636898,54.6861071335619
2019,2,Santiago Del Estero,11.2619396343663,45.3775352963225
2019,2,Tierra Del Fuego,27.1343955458153,91.5158416237165
2019,2,Tucumán,7.02292257444397,28.3503612294833
2019,1,Buenos Aires,15.5226987537364,47.5129694542875
2019,1,Capital Federal,25.7004917445534,61.571859908093
2019,1,Catamarca,8.06527033609352,31.7060327247312
2019,1,Chaco,9.00998679084951,33.7102348919346
2019,1,Chubut,14.9810252792514,48.8719413603536
2019,1,Córdoba,28.5009383928008,93.0882798357388
2019,1,Corrientes,9.14971080471848,34.7465674763023
2019,1,Entre Ríos,15.3577736644573,51.3645702782399
2019,1,Formosa,9.47923993657784,37.2430090586845
2019,1,Jujuy,11.571242380758,45.2485752675717
2019,1,La Pampa,22.9541177234084,69.6671262556628
2019,1,La Rioja,6.70633935406451,25.1923600046633
2019,1,Mendoza,7.15714950847798,25.6467311146483
2019,1,Misiones,11.0685044832187,40.6359776760786
2019,1,Neuquén,12.2635018656288,41.197667056177
2019,1,Río Negro,12.263605324145,39.8699287705172
2019,1,Salta,12.4755188434398,51.5093627659073
2019,1,San Juan,5.72452965436998,22.4725229909667
2019,1,San Luis,10.7148572846066,37.4390124561379
2019,1,Santa Cruz,16.0713629255519,54.0093891359714
2019,1,Santa Fe,17.1429404102331,54.5175013765944
2019,1,Santiago Del Estero,11.3186507985856,45.6063870655242
2019,1,Tierra Del Fuego,27.3302735888419,92.1796469784086
2019,1,Tucumán,7.11311445628185,28.7147141187092
2018,4,Buenos Aires,15.4662940793018,47.4464366257708
2018,4,Capital Federal,24.4647692415946,58.5396196853186
2018,4,Catamarca,8.18805805478396,32.1888823851151
2018,4,Chaco,8.42885279641681,31.5359441027308
2018,4,Chubut,15.0328857857745,49.0413865523475
2018,4,Córdoba,28.5616639211229,93.2867060024082
2018,4,Corrientes,9.25077607789099,35.130464063112
2018,4,Entre Ríos,15.2485598057678,50.9993535179399
2018,4,Formosa,9.85644298740569,38.725125809953
2018,4,Jujuy,13.0310395496486,50.957150232318
2018,4,La Pampa,23.0182159560691,69.8612267316621
2018,4,La Rioja,6.44544376487196,24.2123835146411
2018,4,Mendoza,5.99526128076171,21.4832683001823
2018,4,Misiones,11.122786374161,40.8352468852313
2018,4,Neuquén,12.3036641165039,41.3326653306613
2018,4,Río Negro,12.4588525545891,40.5047783493943
2018,4,Salta,12.6672034176328,52.3009446294533
2018,4,San Juan,5.67796356363343,22.2897540229415
2018,4,San Luis,11.0746080548442,38.6961277926595
2018,4,Santa Cruz,16.2056550880139,54.4608527650783
2018,4,Santa Fe,17.1520640913549,54.546547071484
2018,4,Santiago Del Estero,10.9345809929326,44.0590473877894
2018,4,Tierra Del Fuego,27.7031971687361,93.438808748255
2018,4,Tucumán,7.54020732262501,30.4389097539008
2018,3,Buenos Aires,15.6640786598638,48.1605949924774
2018,3,Capital Federal,24.6211841013169,58.8417348044182
2018,3,Catamarca,20.3503733205468,80.0009617234084
2018,3,Chaco,8.38604651162791,31.3756695785887
2018,3,Chubut,14.9732130210546,48.8459196764444
2018,3,Córdoba,29.188344909515,95.3330400865933
2018,3,Corrientes,9.17809647742678,34.8543130968411
2018,3,Entre Ríos,15.1912436765227,50.8074235346963
2018,3,Formosa,10.0486762117457,39.4802592111595
2018,3,Jujuy,12.1494844541887,47.509513085346
2018,3,La Pampa,23.5935219689134,71.6074653822998
2018,3,La Rioja,6.25336843009678,23.490635238887
2018,3,Mendoza,6.01784875720846,21.5640758384286
2018,3,Misiones,10.9547153837873,40.2179823557902
2018,3,Neuquén,12.4014827910162,41.6609229653046
2018,3,Río Negro,13.0426444460578,42.4022587698789
2018,3,Salta,12.6478486799886,52.2205606589285
2018,3,San Juan,5.8854943292952004,23.1043656102474
2018,3,San Luis,11.1340853770252,38.9034273172379
2018,3,Santa Cruz,16.2643009779377,54.6561549420508
2018,3,Santa Fe,18.0917778362957,57.5348064141229
2018,3,Santiago Del Estero,11.3420082985477,45.7002900473058
2018,3,Tierra Del Fuego,27.9479145915207,94.2623284603168
2018,3,Tucumán,7.5899406427951,30.6394387530226
2018,2,Buenos Aires,15.4982188313529,47.7562332135806
2018,2,Capital Federal,24.2118237119024,57.7919839651291
2018,2,Catamarca,19.2459334742376,75.6573620696303
2018,2,Chaco,9.19860172232674,34.4149088025377
2018,2,Chubut,12.5067153575415,40.7978424296688
2018,2,Córdoba,30.2788938791578,98.8932112579573
2018,2,Corrientes,9.12247248097913,34.6422531322266
2018,2,Entre Ríos,15.5393878759568,51.970958440357
2018,2,Formosa,8.75406721092325,34.3930024840125
2018,2,Jujuy,11.9379264469822,46.6811345146435
2018,2,La Pampa,23.4442137787863,71.1532494397518
2018,2,La Rioja,5.97326464449083,22.4380047692413
2018,2,Mendoza,4.5773548633561,16.4018457734144
2018,2,Misiones,10.9547499669231,40.2169378389654
2018,2,Neuquén,12.1935778467444,40.960685520562
2018,2,Río Negro,12.0489561428827,39.1706283957678
2018,2,Salta,12.1865652110906,50.314486002173
2018,2,San Juan,6.27423869864538,24.6299342105263
2018,2,San Luis,11.5620234500449,40.3976033705248
2018,2,Santa Cruz,15.3783167406203,51.6750954290918
2018,2,Santa Fe,17.6879472659472,56.2498400429964
2018,2,Santiago Del Estero,10.0671498447375,40.5629250555518
2018,2,Tierra Del Fuego,24.9665840381063,84.200065568396
2018,2,Tucumán,7.20141974770798,29.070298550845
2018,1,Buenos Aires,15.4874302418407,47.8272033894182
2018,1,Capital Federal,24.1803558006329,57.6446507462547
2018,1,Catamarca,21.873279726329,85.9860304701916
2018,1,Chaco,9.3288438275955,34.9024409636638
2018,1,Chubut,12.2414503155966,39.9334305736815
2018,1,Córdoba,30.0860377029554,98.2641289194111
2018,1,Corrientes,9.64423860027585,36.6238843146752
2018,1,Entre Ríos,15.5080888203278,51.8665394110234
2018,1,Formosa,8.84913994314036,34.7667759128679
2018,1,Jujuy,11.8051533199913,46.1623372228037
2018,1,La Pampa,23.8572713404221,72.4072698374307
2018,1,La Rioja,6.22758823159352,23.3935288209693
2018,1,Mendoza,4.54806860124893,16.2970465442779
2018,1,Misiones,10.9372952070825,40.1531996796136
2018,1,Neuquén,11.9670346226548,40.200252533158
2018,1,Río Negro,12.4136903900015,40.3568626571922
2018,1,Salta,12.6915350946039,52.3999808861652
2018,1,San Juan,4.91622693631251,19.2991408057974
2018,1,San Luis,12.5567889376568,43.8738592031946
2018,1,Santa Cruz,15.4253343239227,51.8353813146089
2018,1,Santa Fe,17.9561918925971,57.1031735128452
2018,1,Santiago Del Estero,10.0930891588673,40.6678819180718
2018,1,Tierra Del Fuego,24.6435035710792,83.1154099983501
2018,1,Tucumán,7.13660991909997,28.8090203678613
2017,4,Buenos Aires,15.5427397716267,48.1025050138479
2017,4,Capital Federal,24.1515485433821,57.5039067475666
2017,4,Catamarca,7.23946569191321,28.4592443402986
2017,4,Chaco,8.64428809463945,32.3413115987781
2017,4,Chubut,11.995292917935,39.1304587287337
2017,4,Córdoba,28.423960052559,92.8357085257156
2017,4,Corrientes,9.6644709569143,36.7007406585481
2017,4,Entre Ríos,15.4900073767572,51.8062370987479
2017,4,Formosa,8.29049060274824,32.5720125014101
2017,4,Jujuy,11.6188512549876,45.4340379313226
2017,4,La Pampa,23.9815506785859,72.7846457510908
2017,4,La Rioja,6.23536961930763,23.42288046002
2017,4,Mendoza,5.88183365521471,21.0763294103719
2017,4,Misiones,10.8987454011924,40.011690121847
2017,4,Neuquén,12.0281978588206,40.4058702492709
2017,4,Río Negro,12.5723837052432,40.872858787966
2017,4,Salta,12.8054767916382,52.870584005034
2017,4,San Juan,5.19984253274753,20.4125512329503
2017,4,San Luis,12.7430152492514,44.5247904531894
2017,4,Santa Cruz,14.6666939321615,49.2863173188306
2017,4,Santa Fe,18.1495316099102,57.7180425838862
2017,4,Santiago del Estero,10.1147450786037,40.7551097252954
2017,4,Tierra del Fuego,24.6694977843427,83.2029060716139
2017,4,Tucumán,7.14555339758537,28.8451849321297
2017,3,Buenos Aires,15.1106826481673,46.7860493152566
2017,3,Capital Federal,23.1025730743721,54.9245776865405
2017,3,Catamarca,10.08152153756,39.5708953685505
2017,3,Chaco,7.72947314805699,28.8678051544345
2017,3,Chubut,11.9338862091721,38.8149481505509
2017,3,Córdoba,28.0987325944684,91.6111985033022
2017,3,Corrientes,8.59168898690851,32.5762243794693
2017,3,Entre Ríos,12.2717638782107,40.9770488308201
2017,3,Formosa,8.37000522108232,32.8358501322893
2017,3,Jujuy,11.3604525717475,44.3376025302857
2017,3,La Pampa,28.5411638739304,86.4953796955555
2017,3,La Rioja,6.33915888765154,23.7583628081668
2017,3,Mendoza,5.89715107161526,21.0928457179993
2017,3,Misiones,10.2652590191266,37.6116898023288
2017,3,Neuquén,17.2429469222292,57.789004684512
2017,3,Río Negro,8.05528730418036,26.1283580569146
2017,3,Salta,18.6025806348032,76.6344536552113
2017,3,San Juan,5.22887747786358,20.4881166835562
2017,3,San Luis,12.7992232612806,44.6234230213715
2017,3,Santa Cruz,14.1568845224522,47.3605717595783
2017,3,Santa Fe,17.8343120977834,56.6393128105255
2017,3,Santiago del Estero,10.3289276629135,41.5442863720338
2017,3,Tierra del Fuego,24.8432055749129,83.4206896069018
2017,3,Tucumán,10.9898334875569,44.2713019886002
2017,2,Buenos Aires,15.1745893262882,47.166333270456
2017,2,Capital Federal,23.142977086478,54.9641893012921
2017,2,Catamarca,10.0089082450757,39.345538024552
2017,2,Chaco,7.83590146067955,29.3160705470538
2017,2,Chubut,12.3769762997333,40.3732678438476
2017,2,Córdoba,27.9950874347112,91.4329219354324
2017,2,Corrientes,8.53413645408002,32.4075106249565
2017,2,Entre Ríos,12.0687183745376,40.3628523453257
2017,2,Formosa,8.12385279079315,31.9163967422455
2017,2,Jujuy,11.3586362329858,44.4150332976198
2017,2,La Pampa,28.4451638780656,86.329527767875
2017,2,La Rioja,6.38585229439431,23.9873468088493
2017,2,Mendoza,5.87807521494582,21.0622346133888
2017,2,Misiones,10.1045127324844,37.094614967135
2017,2,Neuquén,17.3709354920727,58.3505111159145
2017,2,Río Negro,8.11339811235329,26.3754975974929
2017,2,Salta,18.73206848005,77.336892588906
2017,2,San Juan,5.37823470610432,21.1123469366541
2017,2,San Luis,11.2327062815001,39.2462893585381
2017,2,Santa Cruz,14.8436297322581,49.8751628850802
2017,2,Santa Fe,17.9329529785396,57.0284051539856
2017,2,Santiago del Estero,10.2636559689148,41.3544803416186
2017,2,Tierra del Fuego,24.2540640647507,81.7933296883543
2017,2,Tucumán,10.9805168469664,44.3247774895329
2017,1,Buenos Aires,15.2257737530266,47.4257654127539
2017,1,Capital Federal,23.2888652021607,55.2401239349342
2017,1,Catamarca,7.35525731619298,28.9139358248101
2017,1,Chaco,7.56843966330418,28.3156771489548
2017,1,Chubut,12.462465288412,40.6530111067701
2017,1,Córdoba,28.1581513459168,91.9662855175006
2017,1,Corrientes,8.58217395702108,32.5901508829147
2017,1,Entre Ríos,11.9532329537333,39.9768931207235
2017,1,Formosa,8.28004468255493,32.530192914017
2017,1,Jujuy,11.331058572181,44.3077247228002
2017,1,La Pampa,29.3396082845436,89.0448801742919
2017,1,La Rioja,6.4877605467629,24.3706454253259
2017,1,Mendoza,6.07281422514259,21.7602220187216
2017,1,Misiones,10.1611489503323,37.3029338026934
2017,1,Neuquén,17.448354722259,58.611494690729
2017,1,Río Negro,7.33626517409319,23.8495796409907
2017,1,Salta,12.5155774886596,51.6723111518684
2017,1,San Juan,5.75788113798016,22.6028218345573
2017,1,San Luis,11.7236933411623,40.9623689080814
2017,1,Santa Cruz,14.9975560906988,50.39508076873
2017,1,Santa Fe,17.5001850865261,55.6524492931322
2017,1,Santiago del Estero,10.3259040365446,41.6056121796239
2017,1,Tierra del Fuego,24.3064099023325,81.9746395986367
2017,1,Tucumán,7.69171675927218,31.0492994085659
2016,4,Buenos Aires,15.0578984136164,49.4132804303556
2016,4,Capital Federal,23.2902774063931,61.3269085254333
2016,4,Catamarca,7.51825655513904,29.5774529715178
2016,4,Chaco,7.64569018700848,28.6298388427455
2016,4,Chubut,12.5931223656458,41.1394614328837
2016,4,Córdoba,27.9847166536348,91.4801465829844
2016,4,Corrientes,8.65123466786347,32.8779997899878
2016,4,Entre Ríos,11.6840978082247,39.108046260977
2016,4,Formosa,7.91855822816422,31.1332088492001
2016,4,Jujuy,11.0997064661621,43.4449617236779
2016,4,La Pampa,29.0515929068058,88.2356402207302
2016,4,La Rioja,6.89741176091976,25.9386051777711
2016,4,Mendoza,6.13498894887116,22.0030108300499
2016,4,Misiones,10.2326724697762,37.6025963581148
2016,4,Neuquén,17.6221225415291,59.2640591256218
2016,4,Río Negro,7.62049607857799,24.8015318934896
2016,4,Salta,12.7927224202184,52.87498439208
2016,4,San Juan,5.33078791900338,20.9456889814467
2016,4,San Luis,11.2546499971002,39.3661803179327
2016,4,Santa Cruz,15.4546751279974,52.0443685920721
2016,4,Santa Fe,18.0146517922407,57.3269961881382
2016,4,Santiago del Estero,10.4487858020763,42.1376132156055
2016,4,Tierra del Fuego,24.7314850903143,83.585893276411
2016,4,Tucumán,7.69816222862937,31.107499484261
2016,3,Buenos Aires,14.9694364423775,49.1229878495333
2016,3,Capital Federal,23.430088764031,61.6950534895772
2016,3,Catamarca,7.42815927003729,29.2230026819574
2016,3,Chaco,7.80385957534807,29.2221155355303
2016,3,Chubut,12.5882735953286,41.123621374027
2016,3,Córdoba,28.0395337359353,91.6593399186242
2016,3,Corrientes,8.58581138291129,32.6293662906668
2016,3,Entre Ríos,11.6510514511547,38.9974362265299
2016,3,Formosa,7.93190036502718,31.1856658144051
2016,3,Jujuy,11.4789109107152,44.929192196734
2016,3,La Pampa,26.2525600030041,79.7344037805083
2016,3,La Rioja,6.59704622679207,24.809041905517
2016,3,Mendoza,6.10006580862014,21.877759710681
2016,3,Misiones,10.1732960632197,37.3844024253437
2016,3,Neuquén,17.6367513281189,59.3132564496873
2016,3,Río Negro,7.68948601789788,25.0260653310413
2016,3,Salta,12.7584737676033,52.7334275824355
2016,3,San Juan,5.66657926281091,22.2650776266002
2016,3,San Luis,11.2010041508215,39.1785394709528
2016,3,Santa Cruz,15.5360107314438,52.3182701843324
2016,3,Santa Fe,17.9418774097574,57.0954104325363
2016,3,Santiago del Estero,10.5606064966864,42.5885610355948
2016,3,Tierra del Fuego,24.6580068877828,83.337556341831
2016,3,Tucumán,7.77104834531161,31.4020249527774
2016,2,Buenos Aires,14.944420313714,49.0408961162131
2016,2,Capital Federal,23.4684330994318,61.7960200649666
2016,2,Catamarca,7.3977108800583,29.1032161575076
2016,2,Chaco,8.16112511388975,30.5599221353707
2016,2,Chubut,12.6125174469146,41.2028216683107
2016,2,Córdoba,27.8833452561181,91.1487703386246
2016,2,Corrientes,8.57942636641666,32.6051007864898
2016,2,Entre Ríos,11.6231756125378,38.9041325240032
2016,2,Formosa,7.93378194843093,31.1930635915495
2016,2,Jujuy,11.5801950194286,45.3256246825557
2016,2,La Pampa,25.8952427994951,78.6491582204924
2016,2,La Rioja,6.53965495509267,24.5932146374256
2016,2,Mendoza,6.09104661924601,21.8454125747478
2016,2,Misiones,10.1527011697567,37.3087211731378
2016,2,Neuquén,17.653924251507,59.371009830112
2016,2,Río Negro,7.72475694802053,25.1408574770288
2016,2,Salta,12.8965039744711,53.3039351565102
2016,2,San Juan,5.67420480328781,22.2950398388607
2016,2,San Luis,11.1771845665664,39.0952240369656
2016,2,Santa Cruz,15.6977714651638,52.8630073062533
2016,2,Santa Fe,17.9587792819828,57.1491962939456
2016,2,Santiago del Estero,10.5612460812123,42.5911403367577
2016,2,Tierra del Fuego,24.3347027966443,82.2448738296791
2016,2,Tucumán,7.72778770802912,31.2272130675525
2016,1,Buenos Aires,14.8631371935443,48.7741613102743
2016,1,Capital Federal,23.5367533560283,61.9759178847143
2016,1,Catamarca,7.28939447636257,28.6770903246289
2016,1,Chaco,7.90872899475047,29.614806646939
2016,1,Chubut,11.8174922852601,38.6056177321936
2016,1,Córdoba,27.6970725404404,90.539857425712
2016,1,Corrientes,8.55268332631598,32.5034670081252
2016,1,Entre Ríos,11.5589562746489,38.6891828652251
2016,1,Formosa,7.93172931199048,31.1849932892102
2016,1,Jujuy,11.5199133246984,45.0896782700827
2016,1,La Pampa,25.8831107683331,78.6123107560456
2016,1,La Rioja,6.49674559307443,24.431848455675
2016,1,Mendoza,6.09214779934401,21.8493619343676
2016,1,Misiones,10.0536297669289,36.9446577300666
2016,1,Neuquén,17.6578994652542,59.3843786681733
2016,1,Río Negro,7.74549625493264,25.2083552588695
2016,1,Salta,12.6134902705718,52.1341806128823
2016,1,San Juan,5.64651205102958,22.186229699599
2016,1,San Luis,11.3886610493873,39.834920194365
2016,1,Santa Cruz,16.5156798654928,55.6173535418567
2016,1,Santa Fe,17.8304826871116,56.7409253770302
2016,1,Santiago del Estero,10.5414189609097,42.5111820007062
2016,1,Tierra del Fuego,24.8388271600994,83.9486811460583
2016,1,Tucumán,8.00687459869251,32.3549751293974
2015,4,Buenos Aires,15.0358125732934,49.3408045913344
2015,4,Capital Federal,23.4709670110701,61.8026922468619
2015,4,Catamarca,7.39641466886708,29.0981167537739
2015,4,Chaco,7.94427226708164,29.7479009960291
2015,4,Chubut,12.1439986453163,39.6722551726242
2015,4,Córdoba,27.8708080996644,91.1077872218643
2015,4,Corrientes,8.82019054773364,33.520096738707
2015,4,Entre Ríos,11.689060590352,39.1246572750409
2015,4,Formosa,8.00776866637894,31.4839554276099
2015,4,Jujuy,11.8972766495369,46.566702482706
2015,4,La Pampa,25.4069306468915,77.1660541597007
2015,4,La Rioja,6.83956620110516,25.7210695007191
2015,4,Mendoza,6.19887767554418,22.2321464253412
2015,4,Misiones,10.0213881084135,36.8261774332866
2015,4,Neuquén,17.9276960685443,60.2917178273236
2015,4,Río Negro,8.09158732475382,26.3347371397488
2015,4,Salta,12.9712419330041,53.6128426948059
2015,4,San Juan,5.9866650247172,23.5227560257687
2015,4,San Luis,11.446181492219,40.0361134900304
2015,4,Santa Cruz,17.1635946066546,57.7992378795079
2015,4,Santa Fe,18.0576076987649,57.4636923129355
2015,4,Santiago del Estero,10.7662237891083,43.4177695295414
2015,4,Tierra del Fuego,24.7424778586763,83.6230459326211
2015,4,Tucumán,7.85998676609257,31.7614161680321
2015,3,Buenos Aires,15.0407405648919,49.3569760532561
2015,3,Capital Federal,23.436523394975,61.7119968697012
2015,3,Catamarca,7.32914246841104,28.8334622649724
2015,3,Chaco,8.10959752484471,30.3669733584477
2015,3,Chubut,12.1392360853874,39.6566967475707
2015,3,Córdoba,27.6441325307891,90.366800113646
2015,3,Corrientes,8.62986705385398,32.7967946862208
2015,3,Entre Ríos,11.6250383112043,38.9103671949904
2015,3,Formosa,8.01277514026759,31.503639263061
2015,3,Jujuy,11.7861166836132,46.1316152595001
2015,3,La Pampa,25.0999836761345,76.2337933172252
2015,3,La Rioja,7.01034460253231,26.3633036721816
2015,3,Mendoza,6.2305925429755,22.3458911406749
2015,3,Misiones,9.96489121826464,36.6185650268472
2015,3,Neuquén,17.9601287626362,60.400790562219
2015,3,Río Negro,8.17200239241981,26.5964545981491
2015,3,Salta,12.7729466425172,52.7932469867849
2015,3,San Juan,5.89694421476699,23.1702257415153
2015,3,San Luis,11.4890070557215,40.18590747345
2015,3,Santa Cruz,17.1514249428182,57.7582559458794
2015,3,Santa Fe,18.0559005772425,57.4582598377408
2015,3,Santiago del Estero,10.7315291397343,43.2778537782127
2015,3,Tierra del Fuego,24.3262406691308,82.2162740717332
2015,3,Tucumán,7.7017825596185,31.122128877749
2015,2,Buenos Aires,15.1417133720422,49.6883235958219
2015,2,Capital Federal,22.6986704174848,59.7691156722734
2015,2,Catamarca,7.18527570264176,28.2674783207564
2015,2,Chaco,7.99841847584108,29.9506553835091
2015,2,Chubut,12.1290054010957,39.6232749456039
2015,2,Córdoba,27.4417866755016,89.7053451941173
2015,2,Corrientes,8.56268855994162,32.5414907216957
2015,2,Entre Ríos,11.6452439241268,38.9779977521695
2015,2,Formosa,8.00276219249029,31.4642715921587
2015,2,Jujuy,11.4764077056253,44.9193944917545
2015,2,La Pampa,24.1587379319994,73.3750371345534
2015,2,La Rioja,6.90809511377975,25.9787813020066
2015,2,Mendoza,6.18938442927293,22.1980990941627
2015,2,Misiones,9.77749305138695,35.9299220894166
2015,2,Neuquén,17.9488337945445,60.3628050326535
2015,2,Río Negro,8.32825373386333,27.1049874532615
2015,2,Salta,12.6869986837813,52.438006184443
2015,2,San Juan,5.89545563420975,23.1643768227721
2015,2,San Luis,11.6632483189917,40.7953633863823
2015,2,Santa Cruz,16.8986703862152,56.9070927089803
2015,2,Santa Fe,18.0014198541765,57.2848889483363
2015,2,Santiago del Estero,10.6359572329185,42.8924336806086
2015,2,Tierra del Fuego,23.6723412357124,80.0062665426412
2015,2,Tucumán,7.62676112043735,30.8189747857298
2015,1,Buenos Aires,15.0204643704707,49.290438661817
2015,1,Capital Federal,22.5970748464362,59.5015987945835
2015,1,Catamarca,7.07945426372214,27.8511678889337
2015,1,Chaco,8.01407626480383,30.0092871046059
2015,1,Chubut,12.0935507882919,39.5074511146497
2015,1,Córdoba,27.3206146111703,89.3092419087422
2015,1,Corrientes,8.44729851824237,32.1029644404879
2015,1,Entre Ríos,11.5016856929882,38.4974915088411
2015,1,Formosa,7.99585671126457,31.4371214742951
2015,1,Jujuy,11.0000274808321,43.0548117935407
2015,1,La Pampa,23.6964227414766,71.9708911742817
2015,1,La Rioja,6.94888613322891,26.1321811837253
2015,1,Mendoza,6.14053929063706,22.0229170158644
2015,1,Misiones,9.60766608992758,35.3058490819648
2015,1,Neuquén,17.9401205334452,60.3335019098457
2015,1,Río Negro,8.22709100639028,26.7757450278362
2015,1,Salta,12.6165753563353,52.1469319144612
2015,1,San Juan,5.94606737315602,23.3632400600432
2015,1,San Luis,11.6726951344702,40.8284061768425
2015,1,Santa Cruz,17.0119418726928,57.2885399373684
2015,1,Santa Fe,17.7874115681618,56.6038626183199
2015,1,Santiago del Estero,10.5858547113071,42.690381431019
2015,1,Tierra del Fuego,23.2403474333134,78.5462414882812
2015,1,Tucumán,7.49159697101724,30.27279004923
2014,4,Buenos Aires,15.129925081401,49.6496397041361
2014,4,Capital Federal,22.6419203018206,59.6196838260392
2014,4,Catamarca,7.18643153695865,28.2720254700721
2014,4,Chaco,8.04903202524659,30.1401814730179
2014,4,Chubut,12.2916887613042,40.1547321671527
2014,4,Córdoba,27.6660978998704,90.438603420007
2014,4,Corrientes,8.60604848297284,32.7062750091465
2014,4,Entre Ríos,11.6081296960154,38.853772076063
2014,4,Formosa,8.11922840318356,31.9221790491617
2014,4,Jujuy,11.033963817734,43.1876407888152
2014,4,La Pampa,23.4581267744451,71.2471374964542
2014,4,La Rioja,7.26327546503771,27.3144827531483
2014,4,Mendoza,6.2318080876313,22.3502506664131
2014,4,Misiones,9.58628980487713,35.2272964046694
2014,4,Neuquén,25.3526502623479,85.262201565001
2014,4,Río Negro,8.42724275737327,27.427155380175
2014,4,Salta,12.6903248281391,52.451753831365
2014,4,San Juan,5.88301332953637,23.1154886194031
2014,4,San Luis,11.7663958934983,41.1561499073698
2014,4,Santa Cruz,14.1315934806899,47.5888269284929
2014,4,Santa Fe,19.3529344550086,61.5857365730168
2014,4,Santiago del Estero,10.7100496979242,43.1912319995462
2014,4,Tierra del Fuego,23.4509899218998,79.2581575137911
2014,4,Tucumán,7.6349458244949,30.852048351821
2014,3,Buenos Aires,15.0480370139891,49.3809197322134
2014,3,Capital Federal,22.6083708373494,59.5313428886257
2014,3,Catamarca,7.00708238358841,27.5664508318052
2014,3,Chaco,7.57185514342725,28.353358191951
2014,3,Chubut,12.3080462827982,40.2081692421766
2014,3,Córdoba,27.6547622387591,90.401547910283
2014,3,Corrientes,8.4731977400277,32.2013913865955
2014,3,Entre Ríos,11.5109799815026,38.5286005829988
2014,3,Formosa,8.09099670107333,31.8111811310255
2014,3,Jujuy,10.2891493537291,40.2723892928791
2014,3,La Pampa,22.9267862133894,69.633347342834
2014,3,La Rioja,6.78258711269839,25.5067923009807
2014,3,Mendoza,6.27306768021831,22.4982273408784
2014,3,Misiones,9.86316368422755,36.2447409440183
2014,3,Neuquén,25.3592028162877,85.2842381240589
2014,3,Río Negro,8.44350119688244,27.4800698101369
2014,3,Salta,12.6780028690389,52.4008246097574
2014,3,San Juan,5.85330390685754,22.9987545949579
2014,3,San Luis,11.6674363519895,40.8100121637513
2014,3,Santa Cruz,14.0404053377172,47.281746431181
2014,3,Santa Fe,19.4121741040226,61.7742515203151
2014,3,Santiago del Estero,10.6514534165008,42.9549263187466
2014,3,Tierra del Fuego,23.6426965837063,79.9060754417125
2014,3,Tucumán,7.61478305946108,30.7705726457676
2014,2,Buenos Aires,15.0380771623272,49.3482359585753
2014,2,Capital Federal,22.7044607013773,59.7843623867895
2014,2,Catamarca,6.96587023770759,27.4043187872673
2014,2,Chaco,7.58229200571728,28.3924397762264
2014,2,Chubut,12.3271000990439,40.2704146262704
2014,2,Córdoba,27.6072658187025,90.2462853245397
2014,2,Corrientes,8.34308326948698,31.7069066454749
2014,2,Entre Ríos,11.3218781768568,37.895654655508
2014,2,Formosa,8.1127804218374,31.8968276727972
2014,2,Jujuy,10.0120867183795,39.1879484002732
2014,2,La Pampa,22.5752070492358,68.5655293840433
2014,2,La Rioja,6.9141352160064,26.0014958842762
2014,2,Mendoza,6.23889035840046,22.3756510838766
2014,2,Misiones,9.73707198210026,35.7813844363997
2014,2,Neuquén,25.3521588208024,85.2605488230716
2014,2,Río Negro,8.43363000146616,27.4479431919458
2014,2,Salta,12.627650171975,52.1927064325707
2014,2,San Juan,5.77019966922597,22.6722220933992
2014,2,San Luis,11.853224910564,41.459857863061
2014,2,Santa Cruz,14.9455439822247,50.3298447478088
2014,2,Santa Fe,19.2948522941266,61.4009050340074
2014,2,Santiago del Estero,10.5483108913932,42.5389756129523
2014,2,Tierra del Fuego,23.4408645700438,79.2239364964713
2014,2,Tucumán,7.64308725643284,30.884947059628
2014,1,Buenos Aires,14.3434002690799,47.0686174360145
2014,1,Capital Federal,22.6758961035724,59.7091473755606
2014,1,Catamarca,4.6399279550635,18.2538664217723
2014,1,Chaco,7.79332889914099,29.1826826582701
2014,1,Chubut,12.3438171265048,40.3250261425037
2014,1,Córdoba,14.481958870254,47.3405443641508
2014,1,Corrientes,5.76089130771176,21.8935898142578
2014,1,Entre Ríos,8.34195782280687,27.9215115960261
2014,1,Formosa,5.23035849033587,20.5640772655611
2014,1,Jujuy,8.97602267685345,35.1327274118086
2014,1,La Pampa,19.939393047853,60.5600221934104
2014,1,La Rioja,6.92433915693385,26.0398691182005
2014,1,Mendoza,5.73733681938439,20.5768397016896
2014,1,Misiones,8.44754806554385,31.042695939174
2014,1,Neuquén,17.3375662831784,58.3070825253449
2014,1,Río Negro,5.82531177735228,18.958956785197
