Id_Provincia,Provincia,Fecha,Accesos por cada 100 hab
1,Buenos Aires,2024-06-30,27.43
2,Capital Federal,2024-06-30,47.44
3,Catamarca,2024-06-30,17.5
4,Chaco,2024-06-30,11.78
5,Chubut,2024-06-30,26.46
6,Córdoba,2024-06-30,27.79
7,Corrientes,2024-06-30,13.53
8,Entre Ríos,2024-06-30,20.52
9,Formosa,2024-06-30,10.1
10,Jujuy,2024-06-30,14.91
11,La Pampa,2024-06-30,33.33
12,La Rioja,2024-06-30,21.17
13,Mendoza,2024-06-30,14.6
14,Misiones,2024-06-30,15.72
15,Neuquén,2024-06-30,23.49
16,Río Negro,2024-06-30,21.95
17,Salta,2024-06-30,13.49
18,San Juan,2024-06-30,13.03
19,San Luis,2024-06-30,29.59
20,Santa Cruz,2024-06-30,20.8
21,Santa Fe,2024-06-30,25.58
22,Santiago Del Estero,2024-06-30,12.33
23,Tierra Del Fuego,2024-06-30,32.28
24,Tucumán,2024-06-30,15.07
1,Buenos Aires,2024-03-31,27.8
2,Capital Federal,2024-03-31,48.78
3,Catamarca,2024-03-31,17.5
4,Chaco,2024-03-31,12.48
5,Chubut,2024-03-31,26.02
6,Córdoba,2024-03-31,27.77
7,Corrientes,2024-03-31,13.68
8,Entre Ríos,2024-03-31,20.72
9,Formosa,2024-03-31,10.08
10,Jujuy,2024-03-31,14.74
11,La Pampa,2024-03-31,33.11
12,La Rioja,2024-03-31,21.3
13,Mendoza,2024-03-31,14.67
14,Misiones,2024-03-31,15.46
15,Neuquén,2024-03-31,23.66
16,Río Negro,2024-03-31,21.88
17,Salta,2024-03-31,13.63
18,San Juan,2024-03-31,13.15
19,San Luis,2024-03-31,29.39
20,Santa Cruz,2024-03-31,20.1
21,Santa Fe,2024-03-31,25.28
22,Santiago Del Estero,2024-03-31,12.26
23,Tierra Del Fuego,2024-03-31,32.54
24,Tucumán,2024-03-31,14.98
1,Buenos Aires,2023-12-31,27.68
2,Capital Federal,2023-12-31,47.8
3,Catamarca,2023-12-31,17.46
4,Chaco,2023-12-31,11.85
5,Chubut,2023-12-31,26.04
6,Córdoba,2023-12-31,27.76
7,Corrientes,2023-12-31,13.84
8,Entre Ríos,2023-12-31,20.91
9,Formosa,2023-12-31,9.98
10,Jujuy,2023-12-31,14.77
11,La Pampa,2023-12-31,32.93
12,La Rioja,2023-12-31,21.35
13,Mendoza,2023-12-31,14.55
14,Misiones,2023-12-31,15.33
15,Neuquén,2023-12-31,23.78
16,Río Negro,2023-12-31,21.61
17,Salta,2023-12-31,13.8
18,San Juan,2023-12-31,12.75
19,San Luis,2023-12-31,29.21
20,Santa Cruz,2023-12-31,21.94
21,Santa Fe,2023-12-31,25.08
22,Santiago Del Estero,2023-12-31,12.18
23,Tierra Del Fuego,2023-12-31,32.75
24,Tucumán,2023-12-31,15.12
1,Buenos Aires,2023-09-30,27.5
2,Capital Federal,2023-09-30,47.6
3,Catamarca,2023-09-30,17.44
4,Chaco,2023-09-30,11.46
5,Chubut,2023-09-30,25.82
6,Córdoba,2023-09-30,27.57
7,Corrientes,2023-09-30,13.9
8,Entre Ríos,2023-09-30,20.58
9,Formosa,2023-09-30,9.89
10,Jujuy,2023-09-30,14.73
11,La Pampa,2023-09-30,32.62
12,La Rioja,2023-09-30,21.41
13,Mendoza,2023-09-30,14.52
14,Misiones,2023-09-30,15.12
15,Neuquén,2023-09-30,23.8
16,Río Negro,2023-09-30,21.04
17,Salta,2023-09-30,13.94
18,San Juan,2023-09-30,12.85
19,San Luis,2023-09-30,28.2
20,Santa Cruz,2023-09-30,12.17
21,Santa Fe,2023-09-30,24.87
22,Santiago Del Estero,2023-09-30,12.08
23,Tierra Del Fuego,2023-09-30,31.41
24,Tucumán,2023-09-30,15.17
1,Buenos Aires,2023-06-30,27.1
2,Capital Federal,2023-06-30,47.27
3,Catamarca,2023-06-30,17.15
4,Chaco,2023-06-30,11.46
5,Chubut,2023-06-30,25.28
6,Córdoba,2023-06-30,27.59
7,Corrientes,2023-06-30,13.79
8,Entre Ríos,2023-06-30,19.26
9,Formosa,2023-06-30,9.75
10,Jujuy,2023-06-30,14.78
11,La Pampa,2023-06-30,32.4
12,La Rioja,2023-06-30,21.3
13,Mendoza,2023-06-30,14.54
14,Misiones,2023-06-30,15.03
15,Neuquén,2023-06-30,23.5
16,Río Negro,2023-06-30,21.09
17,Salta,2023-06-30,13.92
18,San Juan,2023-06-30,12.1
19,San Luis,2023-06-30,26.73
20,Santa Cruz,2023-06-30,12.39
21,Santa Fe,2023-06-30,24.79
22,Santiago Del Estero,2023-06-30,11.7
23,Tierra Del Fuego,2023-06-30,31.54
24,Tucumán,2023-06-30,15.05
1,Buenos Aires,2023-03-31,26.81
2,Capital Federal,2023-03-31,50.23
3,Catamarca,2023-03-31,16.83
4,Chaco,2023-03-31,11.53
5,Chubut,2023-03-31,26.32
6,Córdoba,2023-03-31,27.2
7,Corrientes,2023-03-31,13.71
8,Entre Ríos,2023-03-31,19.37
9,Formosa,2023-03-31,9.87
10,Jujuy,2023-03-31,14.88
11,La Pampa,2023-03-31,31.81
12,La Rioja,2023-03-31,21.23
13,Mendoza,2023-03-31,14.34
14,Misiones,2023-03-31,14.7
15,Neuquén,2023-03-31,23.38
16,Río Negro,2023-03-31,21.27
17,Salta,2023-03-31,13.97
18,San Juan,2023-03-31,12.67
19,San Luis,2023-03-31,25.8
20,Santa Cruz,2023-03-31,12.92
21,Santa Fe,2023-03-31,24.57
22,Santiago Del Estero,2023-03-31,11.8
23,Tierra Del Fuego,2023-03-31,30.9
24,Tucumán,2023-03-31,14.95
1,Buenos Aires,2022-12-31,26.72
2,Capital Federal,2022-12-31,50.35
3,Catamarca,2022-12-31,16.73
4,Chaco,2022-12-31,11.66
5,Chubut,2022-12-31,26.23
6,Córdoba,2022-12-31,27.26
7,Corrientes,2022-12-31,13.6
8,Entre Ríos,2022-12-31,19.14
9,Formosa,2022-12-31,10.03
10,Jujuy,2022-12-31,14.95
11,La Pampa,2022-12-31,31.23
12,La Rioja,2022-12-31,21.26
13,Mendoza,2022-12-31,14.33
14,Misiones,2022-12-31,14.39
15,Neuquén,2022-12-31,23.41
16,Río Negro,2022-12-31,21.04
17,Salta,2022-12-31,14.04
18,San Juan,2022-12-31,12.96
19,San Luis,2022-12-31,25.83
20,Santa Cruz,2022-12-31,12.95
21,Santa Fe,2022-12-31,24.65
22,Santiago Del Estero,2022-12-31,11.92
23,Tierra Del Fuego,2022-12-31,30.07
24,Tucumán,2022-12-31,15.12
1,Buenos Aires,2022-09-30,26.37
2,Capital Federal,2022-09-30,50.22
3,Catamarca,2022-09-30,16.62
4,Chaco,2022-09-30,11.72
5,Chubut,2022-09-30,25.86
6,Córdoba,2022-09-30,27.04
7,Corrientes,2022-09-30,12.69
8,Entre Ríos,2022-09-30,19.04
9,Formosa,2022-09-30,11.14
10,Jujuy,2022-09-30,15.06
11,La Pampa,2022-09-30,31.82
12,La Rioja,2022-09-30,21.47
13,Mendoza,2022-09-30,14.24
14,Misiones,2022-09-30,14.11
15,Neuquén,2022-09-30,23.92
16,Río Negro,2022-09-30,20.91
17,Salta,2022-09-30,13.99
18,San Juan,2022-09-30,12.94
19,San Luis,2022-09-30,23.39
20,Santa Cruz,2022-09-30,12.85
21,Santa Fe,2022-09-30,24.7
22,Santiago Del Estero,2022-09-30,11.91
23,Tierra Del Fuego,2022-09-30,29.5
24,Tucumán,2022-09-30,15.14
1,Buenos Aires,2022-06-30,26.1292712783274
2,Capital Federal,2022-06-30,49.8735612562611
3,Catamarca,2022-06-30,15.8717901952471
4,Chaco,2022-06-30,11.7025439036955
5,Chubut,2022-06-30,25.4999193362706
6,Córdoba,2022-06-30,26.7815908411335
7,Corrientes,2022-06-30,12.7321469653836
8,Entre Ríos,2022-06-30,19.1046859506594
9,Formosa,2022-06-30,11.0498145911401
10,Jujuy,2022-06-30,14.6569135245407
11,La Pampa,2022-06-30,30.6327215596658
12,La Rioja,2022-06-30,21.3314092169144
13,Mendoza,2022-06-30,13.7822337845706
14,Misiones,2022-06-30,13.8900281819679
15,Neuquén,2022-06-30,23.8174575281712
16,Río Negro,2022-06-30,20.8675435273834
17,Salta,2022-06-30,13.9360105574487
18,San Juan,2022-06-30,12.5979124556312
19,San Luis,2022-06-30,23.3969726787719
20,Santa Cruz,2022-06-30,12.8396228385264
21,Santa Fe,2022-06-30,24.4959067991646
22,Santiago Del Estero,2022-06-30,11.8367379681289
23,Tierra Del Fuego,2022-06-30,29.604955264969
24,Tucumán,2022-06-30,14.6914572899128
1,Buenos Aires,2022-03-31,25.5630301520284
2,Capital Federal,2022-03-31,46.0143476214435
3,Catamarca,2022-03-31,14.8056195749953
4,Chaco,2022-03-31,11.7753420404361
5,Chubut,2022-03-31,26.9887596631044
6,Córdoba,2022-03-31,26.2552622183512
7,Corrientes,2022-03-31,12.5452812873128
8,Entre Ríos,2022-03-31,19.0454052709211
9,Formosa,2022-03-31,8.89642743559843
10,Jujuy,2022-03-31,14.8476418286294
11,La Pampa,2022-03-31,30.2004150314026
12,La Rioja,2022-03-31,20.9691741722694
13,Mendoza,2022-03-31,13.5994765497552
14,Misiones,2022-03-31,13.3575393367025
15,Neuquén,2022-03-31,22.0774604260943
16,Río Negro,2022-03-31,20.6182298408439
17,Salta,2022-03-31,13.5881660533538
18,San Juan,2022-03-31,11.0921164686066
19,San Luis,2022-03-31,23.1016562316874
20,Santa Cruz,2022-03-31,12.8942973288096
21,Santa Fe,2022-03-31,24.3073969989344
22,Santiago Del Estero,2022-03-31,11.7068821320295
23,Tierra Del Fuego,2022-03-31,29.1386510406859
24,Tucumán,2022-03-31,14.2155333342981
1,Buenos Aires,2021-12-31,25.3625141144029
2,Capital Federal,2021-12-31,45.8485107145629
3,Catamarca,2021-12-31,14.0542237592254
4,Chaco,2021-12-31,11.7723994581641
5,Chubut,2021-12-31,25.309325144657
6,Córdoba,2021-12-31,25.8731537155377
7,Corrientes,2021-12-31,11.9831985526209
8,Entre Ríos,2021-12-31,18.8822776766148
9,Formosa,2021-12-31,8.76886524220062
10,Jujuy,2021-12-31,14.5552419442425
11,La Pampa,2021-12-31,29.509892061531
12,La Rioja,2021-12-31,20.742382050284
13,Mendoza,2021-12-31,13.2562590069906
14,Misiones,2021-12-31,13.3633190432684
15,Neuquén,2021-12-31,21.8175631190774
16,Río Negro,2021-12-31,20.2056135684454
17,Salta,2021-12-31,13.7593376914977
18,San Juan,2021-12-31,10.0841332359703
19,San Luis,2021-12-31,22.9789562419762
20,Santa Cruz,2021-12-31,12.8088213538475
21,Santa Fe,2021-12-31,24.2396579975196
22,Santiago Del Estero,2021-12-31,11.6754404704801
23,Tierra Del Fuego,2021-12-31,29.1710078391825
24,Tucumán,2021-12-31,13.8528804464241
1,Buenos Aires,2021-09-30,23.9698919039995
2,Capital Federal,2021-09-30,45.9003834652686
3,Catamarca,2021-09-30,13.4074723766124
4,Chaco,2021-09-30,11.4821345600996
5,Chubut,2021-09-30,24.7383755028802
6,Córdoba,2021-09-30,24.8859576286757
7,Corrientes,2021-09-30,11.8228555121759
8,Entre Ríos,2021-09-30,18.5905655958691
9,Formosa,2021-09-30,8.64358218729535
10,Jujuy,2021-09-30,14.240381868424
11,La Pampa,2021-09-30,27.7678911910512
12,La Rioja,2021-09-30,20.5659645302194
13,Mendoza,2021-09-30,12.710228113581
14,Misiones,2021-09-30,12.4117725813258
15,Neuquén,2021-09-30,20.7481620211386
16,Río Negro,2021-09-30,19.059250627465
17,Salta,2021-09-30,13.5535260221222
18,San Juan,2021-09-30,10.0502366420225
19,San Luis,2021-09-30,22.8574088187895
20,Santa Cruz,2021-09-30,13.0162543718839
21,Santa Fe,2021-09-30,23.5881524458178
22,Santiago Del Estero,2021-09-30,11.6607366908917
23,Tierra Del Fuego,2021-09-30,28.1501701128294
24,Tucumán,2021-09-30,13.5334467757118
1,Buenos Aires,2021-06-30,23.352473727873
2,Capital Federal,2021-06-30,45.4871904812949
3,Catamarca,2021-06-30,13.3137486714673
4,Chaco,2021-06-30,11.5800413405394
5,Chubut,2021-06-30,22.1597817714202
6,Córdoba,2021-06-30,24.5284062912537
7,Corrientes,2021-06-30,11.4650645801296
8,Entre Ríos,2021-06-30,18.4356806329179
9,Formosa,2021-06-30,8.45629304957047
10,Jujuy,2021-06-30,14.3667840692187
11,La Pampa,2021-06-30,27.0435584401919
12,La Rioja,2021-06-30,20.4915850957506
13,Mendoza,2021-06-30,11.4338470668006
14,Misiones,2021-06-30,12.2601465948529
15,Neuquén,2021-06-30,20.5802361256459
16,Río Negro,2021-06-30,19.0520518601284
17,Salta,2021-06-30,13.3034413913845
18,San Juan,2021-06-30,10.0067190669371
19,San Luis,2021-06-30,23.8905552767436
20,Santa Cruz,2021-06-30,13.096756425785
21,Santa Fe,2021-06-30,23.6047874530137
22,Santiago Del Estero,2021-06-30,11.5543888752169
23,Tierra Del Fuego,2021-06-30,20.1266479457771
24,Tucumán,2021-06-30,13.606163819728
1,Buenos Aires,2021-03-31,22.998353975762
2,Capital Federal,2021-03-31,44.8269901646418
3,Catamarca,2021-03-31,12.4382789182565
4,Chaco,2021-03-31,11.5288964774878
5,Chubut,2021-03-31,21.1478383150763
6,Córdoba,2021-03-31,24.0613716456615
7,Corrientes,2021-03-31,11.2341158695361
8,Entre Ríos,2021-03-31,18.0705817215044
9,Formosa,2021-03-31,8.33089528442991
10,Jujuy,2021-03-31,14.2260459665007
11,La Pampa,2021-03-31,26.943299898725
12,La Rioja,2021-03-31,13.2583601634496
13,Mendoza,2021-03-31,10.9260024514795
14,Misiones,2021-03-31,11.7588116112233
15,Neuquén,2021-03-31,19.895917331183
16,Río Negro,2021-03-31,18.7249056578747
17,Salta,2021-03-31,13.0611284262362
18,San Juan,2021-03-31,9.94836869480331
19,San Luis,2021-03-31,23.248835158317
20,Santa Cruz,2021-03-31,12.3918254034438
21,Santa Fe,2021-03-31,23.2423821861305
22,Santiago Del Estero,2021-03-31,11.3348711690326
23,Tierra Del Fuego,2021-03-31,22.9312154304354
24,Tucumán,2021-03-31,13.5789638246782
1,Buenos Aires,2020-12-31,22.9015115325469
2,Capital Federal,2020-12-31,44.8339684267828
3,Catamarca,2020-12-31,12.5674593085451
4,Chaco,2020-12-31,11.5006461780409
5,Chubut,2020-12-31,20.9508711746216
6,Córdoba,2020-12-31,23.904978675681
7,Corrientes,2020-12-31,11.1720027347886
8,Entre Ríos,2020-12-31,17.7819708307277
9,Formosa,2020-12-31,8.26839085381519
10,Jujuy,2020-12-31,13.6696231171354
11,La Pampa,2020-12-31,26.9404221718048
12,La Rioja,2020-12-31,13.3391295117309
13,Mendoza,2020-12-31,10.7797538577923
14,Misiones,2020-12-31,11.6148987925828
15,Neuquén,2020-12-31,19.9435555508951
16,Río Negro,2020-12-31,18.7893190551718
17,Salta,2020-12-31,13.0883890574111
18,San Juan,2020-12-31,9.25185812016353
19,San Luis,2020-12-31,23.3753143684741
20,Santa Cruz,2020-12-31,11.0086826606617
21,Santa Fe,2020-12-31,23.1367697431769
22,Santiago Del Estero,2020-12-31,10.8574371648052
23,Tierra Del Fuego,2020-12-31,22.6095691431376
24,Tucumán,2020-12-31,13.5701698084289
1,Buenos Aires,2020-09-30,22.4100880534403
2,Capital Federal,2020-09-30,44.6227428971926
3,Catamarca,2020-09-30,11.9952888012884
4,Chaco,2020-09-30,11.1027673619054
5,Chubut,2020-09-30,20.9487153048533
6,Córdoba,2020-09-30,23.0297083535099
7,Corrientes,2020-09-30,10.9936136166816
8,Entre Ríos,2020-09-30,17.3981108790514
9,Formosa,2020-09-30,8.12033722939222
10,Jujuy,2020-09-30,13.8200370336799
11,La Pampa,2020-09-30,26.115702018823
12,La Rioja,2020-09-30,13.3413120207716
13,Mendoza,2020-09-30,10.4223554880532
14,Misiones,2020-09-30,11.3317985370104
15,Neuquén,2020-09-30,19.4204592926977
16,Río Negro,2020-09-30,17.54802558517
17,Salta,2020-09-30,12.6702393071254
18,San Juan,2020-09-30,9.88083251128296
19,San Luis,2020-09-30,22.8839263803681
20,Santa Cruz,2020-09-30,10.6972070325265
21,Santa Fe,2020-09-30,22.6777105226816
22,Santiago Del Estero,2020-09-30,10.7648413009404
23,Tierra Del Fuego,2020-09-30,22.7715153638102
24,Tucumán,2020-09-30,13.1849907035556
1,Buenos Aires,2020-06-30,21.5528584048363
2,Capital Federal,2020-06-30,44.151826868205
3,Catamarca,2020-06-30,11.5566668352857
4,Chaco,2020-06-30,10.6461982789206
5,Chubut,2020-06-30,17.5779234120481
6,Córdoba,2020-06-30,22.2626297682841
7,Corrientes,2020-06-30,10.6131399504817
8,Entre Ríos,2020-06-30,16.9046496397221
9,Formosa,2020-06-30,7.92553974261672
10,Jujuy,2020-06-30,12.246000275261
11,La Pampa,2020-06-30,25.0738459648555
12,La Rioja,2020-06-30,13.2675488804432
13,Mendoza,2020-06-30,10.1166524693736
14,Misiones,2020-06-30,11.1369196743518
15,Neuquén,2020-06-30,19.0205986637401
16,Río Negro,2020-06-30,17.3384537515365
17,Salta,2020-06-30,12.4928228219153
18,San Juan,2020-06-30,8.93978645060613
19,San Luis,2020-06-30,22.4402866477222
20,Santa Cruz,2020-06-30,10.6506751720812
21,Santa Fe,2020-06-30,22.0118993487247
22,Santiago Del Estero,2020-06-30,10.7876486349067
23,Tierra Del Fuego,2020-06-30,22.6423924473359
24,Tucumán,2020-06-30,12.8267966617582
1,Buenos Aires,2020-03-31,21.2080810142128
2,Capital Federal,2020-03-31,44.0240824345247
3,Catamarca,2020-03-31,9.56828644748246
4,Chaco,2020-03-31,10.0183580078063
5,Chubut,2020-03-31,15.7151397399492
6,Córdoba,2020-03-31,21.6423266904036
7,Corrientes,2020-03-31,10.1981922972643
8,Entre Ríos,2020-03-31,16.7793875942568
9,Formosa,2020-03-31,7.69363320950793
10,Jujuy,2020-03-31,11.9345057136942
11,La Pampa,2020-03-31,24.9634889459636
12,La Rioja,2020-03-31,12.3374236886702
13,Mendoza,2020-03-31,9.24865632529103
14,Misiones,2020-03-31,10.6276210559822
15,Neuquén,2020-03-31,18.4098728835989
16,Río Negro,2020-03-31,16.9526360543075
17,Salta,2020-03-31,12.0116972009766
18,San Juan,2020-03-31,8.25127788119013
19,San Luis,2020-03-31,21.8387693863723
20,Santa Cruz,2020-03-31,10.7041725372986
21,Santa Fe,2020-03-31,21.8613245878736
22,Santiago Del Estero,2020-03-31,10.5392121668386
23,Tierra Del Fuego,2020-03-31,22.5525532508604
24,Tucumán,2020-03-31,11.8524649017937
1,Buenos Aires,2019-12-31,21.1350893819089
2,Capital Federal,2019-12-31,44.1870536086124
3,Catamarca,2019-12-31,9.26886507149251
4,Chaco,2019-12-31,9.84506318966921
5,Chubut,2019-12-31,15.6771711859264
6,Córdoba,2019-12-31,21.5794971664284
7,Corrientes,2019-12-31,10.208283637368
8,Entre Ríos,2019-12-31,17.339132629893
9,Formosa,2019-12-31,7.75547611892472
10,Jujuy,2019-12-31,11.6039151022838
11,La Pampa,2019-12-31,25.3449218476204
12,La Rioja,2019-12-31,12.5475635674596
13,Mendoza,2019-12-31,9.39011273391884
14,Misiones,2019-12-31,10.8375819024918
15,Neuquén,2019-12-31,17.6681849769219
16,Río Negro,2019-12-31,17.1338703221798
17,Salta,2019-12-31,12.1954928055468
18,San Juan,2019-12-31,8.36915261267133
19,San Luis,2019-12-31,21.4413528932678
20,Santa Cruz,2019-12-31,10.9234277977238
21,Santa Fe,2019-12-31,21.8483506557326
22,Santiago Del Estero,2019-12-31,10.6519742883379
23,Tierra Del Fuego,2019-12-31,23.6275467526162
24,Tucumán,2019-12-31,11.8031812807121
1,Buenos Aires,2019-09-30,22.7617336155622
2,Capital Federal,2019-09-30,46.9047708934881
3,Catamarca,2019-09-30,7.85595476521849
4,Chaco,2019-09-30,9.58066438752926
5,Chubut,2019-09-30,14.580466548719
6,Córdoba,2019-09-30,21.0007817769535
7,Corrientes,2019-09-30,10.1340281141787
8,Entre Ríos,2019-09-30,17.3116618255979
9,Formosa,2019-09-30,7.66417771389022
10,Jujuy,2019-09-30,11.334206981241
11,La Pampa,2019-09-30,25.5190027056414
12,La Rioja,2019-09-30,12.7624317908561
13,Mendoza,2019-09-30,11.3681890162792
14,Misiones,2019-09-30,10.713348334459
15,Neuquén,2019-09-30,19.0920756796417
16,Río Negro,2019-09-30,19.5084985912294
17,Salta,2019-09-30,10.7718546234161
18,San Juan,2019-09-30,9.44094148522601
19,San Luis,2019-09-30,24.3909711661747
20,Santa Cruz,2019-09-30,10.6015551925842
21,Santa Fe,2019-09-30,21.6564247463616
22,Santiago Del Estero,2019-09-30,13.7252880483641
23,Tierra Del Fuego,2019-09-30,28.5989251932121
24,Tucumán,2019-09-30,9.78157418438212
1,Buenos Aires,2019-06-30,22.2157894842981
2,Capital Federal,2019-06-30,46.0859257928109
3,Catamarca,2019-06-30,8.17339703245058
4,Chaco,2019-06-30,9.1250113292671
5,Chubut,2019-06-30,14.4038087278961
6,Córdoba,2019-06-30,20.8416372422382
7,Corrientes,2019-06-30,10.0474590194205
8,Entre Ríos,2019-06-30,17.1858204446725
9,Formosa,2019-06-30,7.74219578395609
10,Jujuy,2019-06-30,11.3829345908251
11,La Pampa,2019-06-30,25.3978398954861
12,La Rioja,2019-06-30,12.965645588675
13,Mendoza,2019-06-30,11.3733565416729
14,Misiones,2019-06-30,10.6628255950184
15,Neuquén,2019-06-30,18.7779008056203
16,Río Negro,2019-06-30,18.7922767563462
17,Salta,2019-06-30,10.146610869132
18,San Juan,2019-06-30,9.06854016252792
19,San Luis,2019-06-30,23.4082266301606
20,Santa Cruz,2019-06-30,8.58406482865588
21,Santa Fe,2019-06-30,21.2011304851442
22,Santiago Del Estero,2019-06-30,13.101581339389
23,Tierra Del Fuego,2019-06-30,28.1075638215957
24,Tucumán,2019-06-30,9.94246044080586
1,Buenos Aires,2019-03-31,21.6417378514192
2,Capital Federal,2019-03-31,45.5791838994366
3,Catamarca,2019-03-31,8.18850462737457
4,Chaco,2019-03-31,8.72283500340746
5,Chubut,2019-03-31,13.1803680616707
6,Córdoba,2019-03-31,20.0595276926967
7,Corrientes,2019-03-31,9.25199213887151
8,Entre Ríos,2019-03-31,16.9794023932903
9,Formosa,2019-03-31,7.55368578631946
10,Jujuy,2019-03-31,11.8678497610553
11,La Pampa,2019-03-31,25.1575166404727
12,La Rioja,2019-03-31,13.3594024786378
13,Mendoza,2019-03-31,10.5088620671738
14,Misiones,2019-03-31,9.87579609120626
15,Neuquén,2019-03-31,17.5264903960343
16,Río Negro,2019-03-31,16.478122478196
17,Salta,2019-03-31,9.71178101440345
18,San Juan,2019-03-31,8.10898201726592
19,San Luis,2019-03-31,19.2717794012915
20,Santa Cruz,2019-03-31,7.04269163445306
21,Santa Fe,2019-03-31,21.0598949173879
22,Santiago Del Estero,2019-03-31,9.3116162809496
23,Tierra Del Fuego,2019-03-31,27.6849257912618
24,Tucumán,2019-03-31,10.3126309673915
1,Buenos Aires,2018-12-31,21.0588338233985
2,Capital Federal,2018-12-31,45.2493139403669
3,Catamarca,2018-12-31,8.19733354162497
4,Chaco,2018-12-31,8.7108351925502
5,Chubut,2018-12-31,13.0617297060522
6,Córdoba,2018-12-31,19.9284311751423
7,Corrientes,2018-12-31,9.10221065708079
8,Entre Ríos,2018-12-31,16.2577940353847
9,Formosa,2018-12-31,7.56863913845701
10,Jujuy,2018-12-31,11.8994841924185
11,La Pampa,2018-12-31,24.215175627605
12,La Rioja,2018-12-31,13.4028590482468
13,Mendoza,2018-12-31,10.5369339699976
14,Misiones,2018-12-31,9.38376401334208
15,Neuquén,2018-12-31,17.5833620329143
16,Río Negro,2018-12-31,15.9520334449713
17,Salta,2018-12-31,9.63988499012216
18,San Juan,2018-12-31,8.12506754829948
19,San Luis,2018-12-31,19.3325493092293
20,Santa Cruz,2018-12-31,7.04908001650705
21,Santa Fe,2018-12-31,20.6237364064387
22,Santiago Del Estero,2018-12-31,9.2821177795649
23,Tierra Del Fuego,2018-12-31,27.7487853158179
24,Tucumán,2018-12-31,10.3441204364396
1,Buenos Aires,2018-09-30,20.9590874010485
2,Capital Federal,2018-09-30,45.3770920456075
3,Catamarca,2018-09-30,8.37304655008758
4,Chaco,2018-09-30,8.62858350951374
5,Chubut,2018-09-30,17.2863082293932
6,Córdoba,2018-09-30,19.6691574967699
7,Corrientes,2018-09-30,9.01894817024788
8,Entre Ríos,2018-09-30,15.0162082107412
9,Formosa,2018-09-30,7.52794981031211
10,Jujuy,2018-09-30,5.9491656472258
11,La Pampa,2018-09-30,23.6405627895773
12,La Rioja,2018-09-30,13.5054845201924
13,Mendoza,2018-09-30,10.6019692319668
14,Misiones,2018-09-30,8.74450949017475
15,Neuquén,2018-09-30,18.0054517097913
16,Río Negro,2018-09-30,15.5465724582987
17,Salta,2018-09-30,9.54934134172116
18,San Juan,2018-09-30,8.41935795556925
19,San Luis,2018-09-30,14.9833598756571
20,Santa Cruz,2018-09-30,9.7389874592526
21,Santa Fe,2018-09-30,19.9391069827321
22,Santiago Del Estero,2018-09-30,8.99651744351393
23,Tierra Del Fuego,2018-09-30,27.5060216962167
24,Tucumán,2018-09-30,10.325137534987
1,Buenos Aires,2018-06-30,20.3745823244351
2,Capital Federal,2018-06-30,44.632577746788
3,Catamarca,2018-06-30,8.35838388395506
4,Chaco,2018-06-30,8.35312361429173
5,Chubut,2018-06-30,16.8304851291441
6,Córdoba,2018-06-30,19.373198551696
7,Corrientes,2018-06-30,8.90324738534082
8,Entre Ríos,2018-06-30,14.7116484535059
9,Formosa,2018-06-30,7.4919076165093
10,Jujuy,2018-06-30,5.99239747680142
11,La Pampa,2018-06-30,23.407010658268
12,La Rioja,2018-06-30,13.5709228844089
13,Mendoza,2018-06-30,10.318226443151
14,Misiones,2018-06-30,8.61598877251767
15,Neuquén,2018-06-30,17.9318778103692
16,Río Negro,2018-06-30,15.4255830893773
17,Salta,2018-06-30,9.67310280884578
18,San Juan,2018-06-30,8.39284171164165
19,San Luis,2018-06-30,4.33613750896293
20,Santa Cruz,2018-06-30,9.91958805094006
21,Santa Fe,2018-06-30,19.6755915306821
22,Santiago Del Estero,2018-06-30,8.75016058933937
23,Tierra Del Fuego,2018-06-30,27.1623165159911
24,Tucumán,2018-06-30,10.2836712071486
1,Buenos Aires,2018-03-31,20.2796529105795
2,Capital Federal,2018-03-31,44.5629613204179
3,Catamarca,2018-03-31,8.34209853727587
4,Chaco,2018-03-31,8.240328535252
5,Chubut,2018-03-31,16.4663265563409
6,Córdoba,2018-03-31,19.4473810733398
7,Corrientes,2018-03-31,8.60133260210877
8,Entre Ríos,2018-03-31,14.5556734563254
9,Formosa,2018-03-31,5.44800982825826
10,Jujuy,2018-03-31,5.91282950582615
11,La Pampa,2018-03-31,23.6412486623102
12,La Rioja,2018-03-31,13.6947700631199
13,Mendoza,2018-03-31,10.3458430919679
14,Misiones,2018-03-31,8.43227841660731
15,Neuquén,2018-03-31,18.3128386973519
16,Río Negro,2018-03-31,15.3235670915437
17,Salta,2018-03-31,9.63384544384639
18,San Juan,2018-03-31,8.30680071057099
19,San Luis,2018-03-31,4.33561502267505
20,Santa Cruz,2018-03-31,9.98473486255572
21,Santa Fe,2018-03-31,19.5846823687574
22,Santiago Del Estero,2018-03-31,8.68350419053065
23,Tierra Del Fuego,2018-03-31,19.3315233343117
24,Tucumán,2018-03-31,10.2001773500551
1,Buenos Aires,2017-12-31,18.6146492483549
2,Capital Federal,2017-12-31,51.6167209151056
3,Catamarca,2017-12-31,7.28060041922938
4,Chaco,2017-12-31,8.23450197946808
5,Chubut,2017-12-31,15.7758159308052
6,Córdoba,2017-12-31,19.3908577867931
7,Corrientes,2017-12-31,8.56226362030962
8,Entre Ríos,2017-12-31,14.3176351801836
9,Formosa,2017-12-31,5.41406007215144
10,Jujuy,2017-12-31,5.81583543877829
11,La Pampa,2017-12-31,23.4099297739188
12,La Rioja,2017-12-31,13.7279656603595
13,Mendoza,2017-12-31,9.30028099444051
14,Misiones,2017-12-31,8.48278947789551
15,Neuquén,2017-12-31,18.2308851652642
16,Río Negro,2017-12-31,15.1878136627227
17,Salta,2017-12-31,9.63881653575366
18,San Juan,2017-12-31,7.71852860282045
19,San Luis,2017-12-31,3.0299272402738
20,Santa Cruz,2017-12-31,8.60382164860814
21,Santa Fe,2017-12-31,19.405680474329
22,Santiago Del Estero,2017-12-31,7.22868794966673
23,Tierra Del Fuego,2017-12-31,17.7584933530281
24,Tucumán,2017-12-31,9.8832869606512
1,Buenos Aires,2017-09-30,17.9358709735921
2,Capital Federal,2017-09-30,51.2444496511116
3,Catamarca,2017-09-30,8.26509123497419
4,Chaco,2017-09-30,8.01210373802466
5,Chubut,2017-09-30,14.1673718358536
6,Córdoba,2017-09-30,19.0769539156083
7,Corrientes,2017-09-30,8.4702126705405
8,Entre Ríos,2017-09-30,13.741494179292
9,Formosa,2017-09-30,5.43429504811395
10,Jujuy,2017-09-30,5.79114280051213
11,La Pampa,2017-09-30,22.7808079768561
12,La Rioja,2017-09-30,13.7006510798107
13,Mendoza,2017-09-30,9.96432346586244
14,Misiones,2017-09-30,8.22783358937152
15,Neuquén,2017-09-30,18.1084813517863
16,Río Negro,2017-09-30,14.9243619077237
17,Salta,2017-09-30,9.64942748439008
18,San Juan,2017-09-30,8.24511556549592
19,San Luis,2017-09-30,4.42980917494065
20,Santa Cruz,2017-09-30,9.90736656374063
21,Santa Fe,2017-09-30,19.1521648988496
22,Santiago Del Estero,2017-09-30,8.71651583615132
23,Tierra Del Fuego,2017-09-30,19.4927643968679
24,Tucumán,2017-09-30,9.83344845550024
1,Buenos Aires,2017-06-30,18.1041564810005
2,Capital Federal,2017-06-30,52.236738675121
3,Catamarca,2017-06-30,6.60818568741958
4,Chaco,2017-06-30,7.76358719866201
5,Chubut,2017-06-30,10.8971148834405
6,Córdoba,2017-06-30,18.0566153106088
7,Corrientes,2017-06-30,8.26516561613311
8,Entre Ríos,2017-06-30,13.5716635856636
9,Formosa,2017-06-30,5.08181870616855
10,Jujuy,2017-06-30,5.72941710564843
11,La Pampa,2017-06-30,20.9208113683245
12,La Rioja,2017-06-30,4.31364137112834
13,Mendoza,2017-06-30,8.86323196292613
14,Misiones,2017-06-30,8.19626218117457
15,Neuquén,2017-06-30,18.4306345952835
16,Río Negro,2017-06-30,14.1565144707972
17,Salta,2017-06-30,7.9299418666242
18,San Juan,2017-06-30,6.86906267170671
19,San Luis,2017-06-30,2.72299969919519
20,Santa Cruz,2017-06-30,7.81200042630289
21,Santa Fe,2017-06-30,16.4365192755623
22,Santiago Del Estero,2017-06-30,3.50415323861831
23,Tierra Del Fuego,2017-06-30,20.3013051150784
24,Tucumán,2017-06-30,9.45982373143856
1,Buenos Aires,2017-03-31,18.8048550310117
2,Capital Federal,2017-03-31,45.687714654171
3,Catamarca,2017-03-31,6.52734131816727
4,Chaco,2017-03-31,7.65022534015797
5,Chubut,2017-03-31,10.9325033920258
6,Córdoba,2017-03-31,17.6522425706022
7,Corrientes,2017-03-31,8.14778714678486
8,Entre Ríos,2017-03-31,13.4274342450088
9,Formosa,2017-03-31,5.05059092168821
10,Jujuy,2017-03-31,5.81976940765058
11,La Pampa,2017-03-31,20.64904971243
12,La Rioja,2017-03-31,4.31144439366078
13,Mendoza,2017-03-31,8.88670624572537
14,Misiones,2017-03-31,8.04171321055632
15,Neuquén,2017-03-31,18.1662540084548
16,Río Negro,2017-03-31,14.1589456556382
17,Salta,2017-03-31,7.89012629128218
18,San Juan,2017-03-31,6.88739031200583
19,San Luis,2017-03-31,2.73198352638775
20,Santa Cruz,2017-03-31,7.89382704275053
21,Santa Fe,2017-03-31,16.3422547458363
22,Santiago Del Estero,2017-03-31,3.648850889801
23,Tierra Del Fuego,2017-03-31,20.4354867056667
24,Tucumán,2017-03-31,9.38885279995182
1,Buenos Aires,2016-12-31,18.5786407358338
2,Capital Federal,2016-12-31,45.7837382772723
3,Catamarca,2016-12-31,6.7208130408733
4,Chaco,2016-12-31,7.65324009589054
5,Chubut,2016-12-31,10.959254911599
6,Córdoba,2016-12-31,17.5712914597652
7,Corrientes,2016-12-31,8.11989603111693
8,Entre Ríos,2016-12-31,13.4519827391907
9,Formosa,2016-12-31,5.02928480990009
10,Jujuy,2016-12-31,5.75880438439226
11,La Pampa,2016-12-31,20.6707608364078
12,La Rioja,2016-12-31,4.35056208536871
13,Mendoza,2016-12-31,8.91094173348024
14,Misiones,2016-12-31,8.04702456742802
15,Neuquén,2016-12-31,17.9932474938908
16,Río Negro,2016-12-31,14.1702506094807
17,Salta,2016-12-31,7.86548754842606
18,San Juan,2016-12-31,6.91328731665229
19,San Luis,2016-12-31,2.74102682939389
20,Santa Cruz,2016-12-31,7.94078021526284
21,Santa Fe,2016-12-31,16.3450119715011
22,Santiago Del Estero,2016-12-31,3.71972042933157
23,Tierra Del Fuego,2016-12-31,20.5713238639236
24,Tucumán,2016-12-31,9.34955339748364
1,Buenos Aires,2016-09-30,18.2953085979519
2,Capital Federal,2016-09-30,45.854720267722
3,Catamarca,2016-09-30,6.72059087375157
4,Chaco,2016-09-30,7.7068778032764
5,Chubut,2016-09-30,11.0411695849893
6,Córdoba,2016-09-30,17.7855048043124
7,Corrientes,2016-09-30,8.16172673090231
8,Entre Ríos,2016-09-30,13.5523719961486
9,Formosa,2016-09-30,4.73374802305046
10,Jujuy,2016-09-30,5.76400350138348
11,La Pampa,2016-09-30,20.2948293814121
12,La Rioja,2016-09-30,4.52988708727993
13,Mendoza,2016-09-30,8.93044444956212
14,Misiones,2016-09-30,8.12165282352103
15,Neuquén,2016-09-30,17.8621510152284
16,Río Negro,2016-09-30,14.2202015652272
17,Salta,2016-09-30,7.95537239122445
18,San Juan,2016-09-30,6.93918862981469
19,San Luis,2016-09-30,2.74724252738872
20,Santa Cruz,2016-09-30,7.93248460752977
21,Santa Fe,2016-09-30,16.5293619323644
22,Santiago Del Estero,2016-09-30,3.79448087117706
23,Tierra Del Fuego,2016-09-30,20.3071031925247
24,Tucumán,2016-09-30,9.35861636036972
1,Buenos Aires,2016-06-30,18.0986845682896
2,Capital Federal,2016-06-30,45.5937571210413
3,Catamarca,2016-06-30,6.6329805701326
4,Chaco,2016-06-30,7.64289673329407
5,Chubut,2016-06-30,11.0748247879331
6,Córdoba,2016-06-30,17.6203480143202
7,Corrientes,2016-06-30,8.05303989383131
8,Entre Ríos,2016-06-30,13.3773061346933
9,Formosa,2016-06-30,4.93043941201745
10,Jujuy,2016-06-30,5.59776138470153
11,La Pampa,2016-06-30,19.9138554042725
12,La Rioja,2016-06-30,4.49348905893409
13,Mendoza,2016-06-30,8.96594364845842
14,Misiones,2016-06-30,7.96497621687945
15,Neuquén,2016-06-30,17.5941757650438
16,Río Negro,2016-06-30,14.2242913561553
17,Salta,2016-06-30,7.77081242802712
18,San Juan,2016-06-30,6.96499758294645
19,San Luis,2016-06-30,2.74873045396768
20,Santa Cruz,2016-06-30,7.95535776752335
21,Santa Fe,2016-06-30,16.48911930902
22,Santiago Del Estero,2016-06-30,3.94345309540957
23,Tierra Del Fuego,2016-06-30,20.0813268442623
24,Tucumán,2016-06-30,9.22451233434258
1,Buenos Aires,2016-03-31,17.5350792164395
2,Capital Federal,2016-03-31,43.7577841271835
3,Catamarca,2016-03-31,6.60687952691047
4,Chaco,2016-03-31,7.52473407557994
5,Chubut,2016-03-31,11.1159314993789
6,Córdoba,2016-03-31,16.9726662396085
7,Corrientes,2016-03-31,7.94060144931573
8,Entre Ríos,2016-03-31,13.1425400956748
9,Formosa,2016-03-31,4.85805369012364
10,Jujuy,2016-03-31,5.49180026198814
11,La Pampa,2016-03-31,19.1017714242668
12,La Rioja,2016-03-31,4.49695820154003
13,Mendoza,2016-03-31,8.99056782533634
14,Misiones,2016-03-31,7.75121532265461
15,Neuquén,2016-03-31,16.6592100932178
16,Río Negro,2016-03-31,14.1492946047505
17,Salta,2016-03-31,7.61131509310719
18,San Juan,2016-03-31,6.98238758065924
19,San Luis,2016-03-31,2.75295018391838
20,Santa Cruz,2016-03-31,8.05141980281112
21,Santa Fe,2016-03-31,16.1578043492324
22,Santiago Del Estero,2016-03-31,4.03285507054127
23,Tierra Del Fuego,2016-03-31,19.6541853628346
24,Tucumán,2016-03-31,9.12710614274777
1,Buenos Aires,2015-12-31,17.6833488562859
2,Capital Federal,2015-12-31,44.8329837809894
3,Catamarca,2015-12-31,6.64339437499843
4,Chaco,2015-12-31,7.53670916277073
5,Chubut,2015-12-31,11.2055521034806
6,Córdoba,2015-12-31,17.4691679941471
7,Corrientes,2015-12-31,7.95036315669479
8,Entre Ríos,2015-12-31,13.1239623080906
9,Formosa,2015-12-31,4.83056312716579
10,Jujuy,2015-12-31,5.45834125160131
11,La Pampa,2015-12-31,19.2721612721497
12,La Rioja,2015-12-31,4.5777751342349
13,Mendoza,2015-12-31,9.01590756856533
14,Misiones,2015-12-31,7.76631710307749
15,Neuquén,2015-12-31,17.2263045298112
16,Río Negro,2015-12-31,14.1850246582903
17,Salta,2015-12-31,7.59985056808734
18,San Juan,2015-12-31,7.00715004316423
19,San Luis,2015-12-31,2.75929157725098
20,Santa Cruz,2015-12-31,8.143243109871939
21,Santa Fe,2015-12-31,16.4749431693188
22,Santiago Del Estero,2015-12-31,4.19782273142194
23,Tierra Del Fuego,2015-12-31,19.4419202409388
24,Tucumán,2015-12-31,9.12260741910043
1,Buenos Aires,2015-09-30,17.5478839831824
2,Capital Federal,2015-09-30,44.9110922281475
3,Catamarca,2015-09-30,6.56384739614516
4,Chaco,2015-09-30,7.4540202988244
5,Chubut,2015-09-30,11.2335781697583
6,Córdoba,2015-09-30,17.4307349890253
7,Corrientes,2015-09-30,7.92519113592012
8,Entre Ríos,2015-09-30,13.027710914374
9,Formosa,2015-09-30,4.78363992388097
10,Jujuy,2015-09-30,5.42345455542757
11,La Pampa,2015-09-30,19.055588379965
12,La Rioja,2015-09-30,4.55007908580606
13,Mendoza,2015-09-30,9.04240199075449
14,Misiones,2015-09-30,7.68704138427488
15,Neuquén,2015-09-30,16.1952130313712
16,Río Negro,2015-09-30,14.2198456021744
17,Salta,2015-09-30,7.52537878306051
18,San Juan,2015-09-30,7.02746288735124
19,San Luis,2015-09-30,2.76881185526522
20,Santa Cruz,2015-09-30,8.15935448203892
21,Santa Fe,2015-09-30,16.3639671637834
22,Santiago Del Estero,2015-09-30,4.2373027191788
23,Tierra Del Fuego,2015-09-30,22.0480211219742
24,Tucumán,2015-09-30,9.04046893117945
1,Buenos Aires,2015-06-30,17.325662544573
2,Capital Federal,2015-06-30,44.0848542837935
3,Catamarca,2015-06-30,6.47514486431421
4,Chaco,2015-06-30,7.34122953862533
5,Chubut,2015-06-30,11.2156780993502
6,Córdoba,2015-06-30,17.1065201027829
7,Corrientes,2015-06-30,7.79082336835569
8,Entre Ríos,2015-06-30,12.8371812612236
9,Formosa,2015-06-30,4.67347848472179
10,Jujuy,2015-06-30,5.18839248135606
11,La Pampa,2015-06-30,18.6853290469759
12,La Rioja,2015-06-30,4.49467875121494
13,Mendoza,2015-06-30,9.0682944930269
14,Misiones,2015-06-30,7.4498150149301
15,Neuquén,2015-06-30,15.8141751619626
16,Río Negro,2015-06-30,14.1434385659295
17,Salta,2015-06-30,7.3784438043808
18,San Juan,2015-06-30,7.04209707875153
19,San Luis,2015-06-30,2.77861844594083
20,Santa Cruz,2015-06-30,8.05806385021754
21,Santa Fe,2015-06-30,16.0930258586793
22,Santiago Del Estero,2015-06-30,4.24666870850714
23,Tierra Del Fuego,2015-06-30,22.0959537800472
24,Tucumán,2015-06-30,8.84118769070267
1,Buenos Aires,2015-03-31,17.241393436944
2,Capital Federal,2015-03-31,43.658724990074
3,Catamarca,2015-03-31,6.40301699079434
4,Chaco,2015-03-31,7.14308917535775
5,Chubut,2015-03-31,11.5857987745568
6,Córdoba,2015-03-31,16.7936219024859
7,Corrientes,2015-03-31,7.64256876399628
8,Entre Ríos,2015-03-31,12.6093360869829
9,Formosa,2015-03-31,4.62384901660949
10,Jujuy,2015-03-31,5.05087991347104
11,La Pampa,2015-03-31,18.332348933632
12,La Rioja,2015-03-31,4.46232446314409
13,Mendoza,2015-03-31,9.05923641753412
14,Misiones,2015-03-31,7.18848302796675
15,Neuquén,2015-03-31,15.5262500689212
16,Río Negro,2015-03-31,13.9938752623861
17,Salta,2015-03-31,7.29464296478474
18,San Juan,2015-03-31,7.03958245314213
19,San Luis,2015-03-31,2.79040145762204
20,Santa Cruz,2015-03-31,8.39189695742154
21,Santa Fe,2015-03-31,15.8327732920364
22,Santiago Del Estero,2015-03-31,4.24446895477843
23,Tierra Del Fuego,2015-03-31,22.1671547645866
24,Tucumán,2015-03-31,8.71860866450986
1,Buenos Aires,2014-12-31,17.0147634301905
2,Capital Federal,2014-12-31,43.6046206766365
3,Catamarca,2014-12-31,6.45925498005949
4,Chaco,2014-12-31,5.81368220415458
5,Chubut,2014-12-31,12.2235557846192
6,Córdoba,2014-12-31,16.6557073313017
7,Corrientes,2014-12-31,6.17465506597043
8,Entre Ríos,2014-12-31,10.7183280951834
9,Formosa,2014-12-31,4.5491629692892
10,Jujuy,2014-12-31,4.98200351211736
11,La Pampa,2014-12-31,16.8165246239874
12,La Rioja,2014-12-31,4.49690190272523
13,Mendoza,2014-12-31,9.05637770520934
14,Misiones,2014-12-31,6.54066222204155
15,Neuquén,2014-12-31,15.5286641207705
16,Río Negro,2014-12-31,13.8895301858479
17,Salta,2014-12-31,7.10378588301479
18,San Juan,2014-12-31,7.10096175461973
19,San Luis,2014-12-31,2.7819569555272
20,Santa Cruz,2014-12-31,8.15757414246012
21,Santa Fe,2014-12-31,15.6575328569008
22,Santiago Del Estero,2014-12-31,4.26296198713424
23,Tierra Del Fuego,2014-12-31,19.3418822807275
24,Tucumán,2014-12-31,8.69321535229523
1,Buenos Aires,2014-09-30,17.262998432341
2,Capital Federal,2014-09-30,43.2063995929272
3,Catamarca,2014-09-30,6.26989025279194
4,Chaco,2014-09-30,5.62775722230021
5,Chubut,2014-09-30,12.3882340714514
6,Córdoba,2014-09-30,16.5601374978714
7,Corrientes,2014-09-30,5.98628267191169
8,Entre Ríos,2014-09-30,10.4338264358501
9,Formosa,2014-09-30,4.51292526712683
10,Jujuy,2014-09-30,4.68339443034039
11,La Pampa,2014-09-30,18.3375340019153
12,La Rioja,2014-09-30,4.37903587474791
13,Mendoza,2014-09-30,8.99223693701461
14,Misiones,2014-09-30,6.39977366685188
15,Neuquén,2014-09-30,16.7266886493093
16,Río Negro,2014-09-30,14.1599328062096
17,Salta,2014-09-30,7.05354927369401
18,San Juan,2014-09-30,7.07524804156139
19,San Luis,2014-09-30,2.77005134128578
20,Santa Cruz,2014-09-30,8.34323913237982
21,Santa Fe,2014-09-30,15.4379886546179
22,Santiago Del Estero,2014-09-30,4.08216959029359
23,Tierra Del Fuego,2014-09-30,19.3443922627806
24,Tucumán,2014-09-30,8.38167843005843
1,Buenos Aires,2014-06-30,16.7949254349917
2,Capital Federal,2014-06-30,42.9747769614274
3,Catamarca,2014-06-30,6.28435543538314
4,Chaco,2014-06-30,5.60212756727661
5,Chubut,2014-06-30,12.6962893613957
6,Córdoba,2014-06-30,16.3654084204053
7,Corrientes,2014-06-30,5.94526705446853
8,Entre Ríos,2014-06-30,10.3720720658694
9,Formosa,2014-06-30,4.46486967289597
10,Jujuy,2014-06-30,4.78409543407859
11,La Pampa,2014-06-30,16.3790489033622
12,La Rioja,2014-06-30,4.39338341878784
13,Mendoza,2014-06-30,8.95860097015214
14,Misiones,2014-06-30,6.36580742599405
15,Neuquén,2014-06-30,15.1375680294983
16,Río Negro,2014-06-30,13.9465694232689
17,Salta,2014-06-30,7.00401550152647
18,San Juan,2014-06-30,7.07777106262497
19,San Luis,2014-06-30,2.78151226486048
20,Santa Cruz,2014-06-30,8.7446731811569
21,Santa Fe,2014-06-30,15.2169574282303
22,Santiago Del Estero,2014-06-30,4.14368314793901
23,Tierra Del Fuego,2014-06-30,19.0863143365562
24,Tucumán,2014-06-30,8.40948858817327
1,Buenos Aires,2014-03-31,16.692346018019
2,Capital Federal,2014-03-31,42.6550716305864
3,Catamarca,2014-03-31,6.1846145207766
4,Chaco,2014-03-31,5.55367146370263
5,Chubut,2014-03-31,12.7035901332393
6,Córdoba,2014-03-31,16.1251831437494
7,Corrientes,2014-03-31,5.89170828868197
8,Entre Ríos,2014-03-31,10.3022471048393
9,Formosa,2014-03-31,4.44446775479377
10,Jujuy,2014-03-31,4.72430277882911
11,La Pampa,2014-03-31,15.9940619540067
12,La Rioja,2014-03-31,4.35317490004406
13,Mendoza,2014-03-31,8.93331832282328
14,Misiones,2014-03-31,6.32316098194971
15,Neuquén,2014-03-31,14.8822657665075
16,Río Negro,2014-03-31,13.867842232252
