Id_Provincia,Provincia,Fecha,Accesos por cada 100 hogares
1,Buenos Aires,2024-06-30,79.84
2,Capital Federal,2024-06-30,116.37
3,Catamarca,2024-06-30,68.81
4,Chaco,2024-06-30,44.06
5,Chubut,2024-06-30,86.33
6,Córdoba,2024-06-30,90.79
7,Corrientes,2024-06-30,51.38
8,Entre Ríos,2024-06-30,68.64
9,Formosa,2024-06-30,39.69
10,Jujuy,2024-06-30,58.3
11,La Pampa,2024-06-30,101.17
12,La Rioja,2024-06-30,79.52
13,Mendoza,2024-06-30,52.3
14,Misiones,2024-06-30,57.73
15,Neuquén,2024-06-30,78.93
16,Río Negro,2024-06-30,71.35
17,Salta,2024-06-30,55.72
18,San Juan,2024-06-30,51.17
19,San Luis,2024-06-30,103.4
20,Santa Cruz,2024-06-30,69.92
21,Santa Fe,2024-06-30,81.34
22,Santiago Del Estero,2024-06-30,49.67
23,Tierra Del Fuego,2024-06-30,108.89
24,Tucumán,2024-06-30,60.84
1,Buenos Aires,2024-03-31,81.1
2,Capital Federal,2024-03-31,119.53
3,Catamarca,2024-03-31,68.82
4,Chaco,2024-03-31,46.7
5,Chubut,2024-03-31,84.89
6,Córdoba,2024-03-31,90.7
7,Corrientes,2024-03-31,51.94
8,Entre Ríos,2024-03-31,69.31
9,Formosa,2024-03-31,39.61
10,Jujuy,2024-03-31,57.65
11,La Pampa,2024-03-31,100.49
12,La Rioja,2024-03-31,80.03
13,Mendoza,2024-03-31,52.59
14,Misiones,2024-03-31,56.76
15,Neuquén,2024-03-31,79.5
16,Río Negro,2024-03-31,71.14
17,Salta,2024-03-31,56.3
18,San Juan,2024-03-31,51.62
19,San Luis,2024-03-31,102.7
20,Santa Cruz,2024-03-31,67.58
21,Santa Fe,2024-03-31,80.4
22,Santiago Del Estero,2024-03-31,49.41
23,Tierra Del Fuego,2024-03-31,109.78
24,Tucumán,2024-03-31,60.48
1,Buenos Aires,2023-12-31,80.96
2,Capital Federal,2023-12-31,117.02
3,Catamarca,2023-12-31,68.63
4,Chaco,2023-12-31,44.35
5,Chubut,2023-12-31,84.96
6,Córdoba,2023-12-31,90.67
7,Corrientes,2023-12-31,52.56
8,Entre Ríos,2023-12-31,69.94
9,Formosa,2023-12-31,39.23
10,Jujuy,2023-12-31,57.78
11,La Pampa,2023-12-31,99.96
12,La Rioja,2023-12-31,80.22
13,Mendoza,2023-12-31,52.15
14,Misiones,2023-12-31,56.27
15,Neuquén,2023-12-31,79.91
16,Río Negro,2023-12-31,70.26
17,Salta,2023-12-31,56.98
18,San Juan,2023-12-31,50.08
19,San Luis,2023-12-31,102.07
20,Santa Cruz,2023-12-31,73.75
21,Santa Fe,2023-12-31,79.75
22,Santiago Del Estero,2023-12-31,49.08
23,Tierra Del Fuego,2023-12-31,110.49
24,Tucumán,2023-12-31,61.04
1,Buenos Aires,2023-09-30,80.64
2,Capital Federal,2023-09-30,116.4
3,Catamarca,2023-09-30,68.55
4,Chaco,2023-09-30,42.87
5,Chubut,2023-09-30,84.23
6,Córdoba,2023-09-30,90.05
7,Corrientes,2023-09-30,52.78
8,Entre Ríos,2023-09-30,68.84
9,Formosa,2023-09-30,38.86
10,Jujuy,2023-09-30,57.61
11,La Pampa,2023-09-30,99.0
12,La Rioja,2023-09-30,80.44
13,Mendoza,2023-09-30,52.03
14,Misiones,2023-09-30,55.51
15,Neuquén,2023-09-30,79.97
16,Río Negro,2023-09-30,68.4
17,Salta,2023-09-30,57.57
18,San Juan,2023-09-30,50.45
19,San Luis,2023-09-30,98.55
20,Santa Cruz,2023-09-30,40.89
21,Santa Fe,2023-09-30,79.09
22,Santiago Del Estero,2023-09-30,48.67
23,Tierra Del Fuego,2023-09-30,105.95
24,Tucumán,2023-09-30,61.26
1,Buenos Aires,2023-06-30,79.67
2,Capital Federal,2023-06-30,115.48
3,Catamarca,2023-06-30,67.42
4,Chaco,2023-06-30,42.87
5,Chubut,2023-06-30,82.49
6,Córdoba,2023-06-30,90.13
7,Corrientes,2023-06-30,52.37
8,Entre Ríos,2023-06-30,64.43
9,Formosa,2023-06-30,38.32
10,Jujuy,2023-06-30,57.78
11,La Pampa,2023-06-30,98.35
12,La Rioja,2023-06-30,80.01
13,Mendoza,2023-06-30,52.09
14,Misiones,2023-06-30,55.18
15,Neuquén,2023-06-30,78.97
16,Río Negro,2023-06-30,68.56
17,Salta,2023-06-30,57.48
18,San Juan,2023-06-30,47.52
19,San Luis,2023-06-30,93.41
20,Santa Cruz,2023-06-30,41.66
21,Santa Fe,2023-06-30,78.83
22,Santiago Del Estero,2023-06-30,47.14
23,Tierra Del Fuego,2023-06-30,106.38
24,Tucumán,2023-06-30,60.75
1,Buenos Aires,2023-03-31,79.0
2,Capital Federal,2023-03-31,122.59
3,Catamarca,2023-03-31,66.17
4,Chaco,2023-03-31,43.15
5,Chubut,2023-03-31,85.89
6,Córdoba,2023-03-31,88.84
7,Corrientes,2023-03-31,52.05
8,Entre Ríos,2023-03-31,64.79
9,Formosa,2023-03-31,38.79
10,Jujuy,2023-03-31,58.2
11,La Pampa,2023-03-31,96.55
12,La Rioja,2023-03-31,79.74
13,Mendoza,2023-03-31,51.4
14,Misiones,2023-03-31,53.97
15,Neuquén,2023-03-31,78.55
16,Río Negro,2023-03-31,69.16
17,Salta,2023-03-31,57.67
18,San Juan,2023-03-31,49.75
19,San Luis,2023-03-31,90.17
20,Santa Cruz,2023-03-31,43.42
21,Santa Fe,2023-03-31,78.13
22,Santiago Del Estero,2023-03-31,47.55
23,Tierra Del Fuego,2023-03-31,104.23
24,Tucumán,2023-03-31,60.34
1,Buenos Aires,2022-12-31,78.94
2,Capital Federal,2022-12-31,122.73
3,Catamarca,2022-12-31,65.77
4,Chaco,2022-12-31,43.62
5,Chubut,2022-12-31,85.57
6,Córdoba,2022-12-31,89.03
7,Corrientes,2022-12-31,51.64
8,Entre Ríos,2022-12-31,64.01
9,Formosa,2022-12-31,39.41
10,Jujuy,2022-12-31,58.46
11,La Pampa,2022-12-31,94.8
12,La Rioja,2022-12-31,79.86
13,Mendoza,2022-12-31,51.36
14,Misiones,2022-12-31,52.85
15,Neuquén,2022-12-31,78.67
16,Río Negro,2022-12-31,68.42
17,Salta,2022-12-31,57.96
18,San Juan,2022-12-31,50.88
19,San Luis,2022-12-31,90.27
20,Santa Cruz,2022-12-31,43.53
21,Santa Fe,2022-12-31,78.4
22,Santiago Del Estero,2022-12-31,48.05
23,Tierra Del Fuego,2022-12-31,101.44
24,Tucumán,2022-12-31,61.04
1,Buenos Aires,2022-09-30,78.11
2,Capital Federal,2022-09-30,122.28
3,Catamarca,2022-09-30,65.33
4,Chaco,2022-09-30,43.86
5,Chubut,2022-09-30,84.38
6,Córdoba,2022-09-30,88.31
7,Corrientes,2022-09-30,48.21
8,Entre Ríos,2022-09-30,63.67
9,Formosa,2022-09-30,43.76
10,Jujuy,2022-09-30,58.91
11,La Pampa,2022-09-30,96.59
12,La Rioja,2022-09-30,80.66
13,Mendoza,2022-09-30,51.03
14,Misiones,2022-09-30,51.82
15,Neuquén,2022-09-30,80.37
16,Río Negro,2022-09-30,67.98
17,Salta,2022-09-30,57.76
18,San Juan,2022-09-30,50.8
19,San Luis,2022-09-30,81.74
20,Santa Cruz,2022-09-30,43.19
21,Santa Fe,2022-09-30,78.55
22,Santiago Del Estero,2022-09-30,47.98
23,Tierra Del Fuego,2022-09-30,99.51
24,Tucumán,2022-09-30,61.14
1,Buenos Aires,2022-06-30,77.58
2,Capital Federal,2022-06-30,121.31
3,Catamarca,2022-06-30,62.4
4,Chaco,2022-06-30,43.79
5,Chubut,2022-06-30,83.19
6,Córdoba,2022-06-30,87.48
7,Corrientes,2022-06-30,48.35
8,Entre Ríos,2022-06-30,63.9
9,Formosa,2022-06-30,43.42
10,Jujuy,2022-06-30,57.32
11,La Pampa,2022-06-30,92.98
12,La Rioja,2022-06-30,80.14
13,Mendoza,2022-06-30,49.39
14,Misiones,2022-06-30,51.0
15,Neuquén,2022-06-30,80.02
16,Río Negro,2022-06-30,67.85
17,Salta,2022-06-30,57.54
18,San Juan,2022-06-30,49.46
19,San Luis,2022-06-30,81.76
20,Santa Cruz,2022-06-30,43.15
21,Santa Fe,2022-06-30,77.9
22,Santiago Del Estero,2022-06-30,47.7
23,Tierra Del Fuego,2022-06-30,99.86
24,Tucumán,2022-06-30,59.31
1,Buenos Aires,2022-03-31,76.0781466115726
2,Capital Federal,2022-03-31,111.797862691747
3,Catamarca,2022-03-31,58.2063508356117
4,Chaco,2022-03-31,44.0594800994188
5,Chubut,2022-03-31,88.0527409383577
6,Córdoba,2022-03-31,85.7574535631355
7,Corrientes,2022-03-31,47.6446351415023
8,Entre Ríos,2022-03-31,63.7009034712316
9,Formosa,2022-03-31,34.9556869957513
10,Jujuy,2022-03-31,58.0646286642678
11,La Pampa,2022-03-31,91.6633253140871
12,La Rioja,2022-03-31,78.774598665645
13,Mendoza,2022-03-31,48.7352409355834
14,Misiones,2022-03-31,49.0433419977295
15,Neuquén,2022-03-31,74.1730550999272
16,Río Negro,2022-03-31,67.0364075498703
17,Salta,2022-03-31,56.1075934084976
18,San Juan,2022-03-31,43.5459816093316
19,San Luis,2022-03-31,80.7242306060177
20,Santa Cruz,2022-03-31,43.3384231105305
21,Santa Fe,2022-03-31,77.304584747584
22,Santiago Del Estero,2022-03-31,47.1727383932405
23,Tierra Del Fuego,2022-03-31,98.2905503867279
24,Tucumán,2022-03-31,57.3900322723119
1,Buenos Aires,2021-12-31,75.6641060233847
2,Capital Federal,2021-12-31,111.270026128917
3,Catamarca,2021-12-31,55.2526999859741
4,Chaco,2021-12-31,44.0485638902593
5,Chubut,2021-12-31,82.5734006387143
6,Córdoba,2021-12-31,84.5094185304609
7,Corrientes,2021-12-31,45.5101610294635
8,Entre Ríos,2021-12-31,63.1553614361658
9,Formosa,2021-12-31,34.4545746388443
10,Jujuy,2021-12-31,56.9210705148705
11,La Pampa,2021-12-31,89.5673427024131
12,La Rioja,2021-12-31,77.9234900964576
13,Mendoza,2021-12-31,47.5053170903177
14,Misiones,2021-12-31,49.064620730585
15,Neuquén,2021-12-31,73.3001625402001
16,Río Negro,2021-12-31,65.6948996116065
17,Salta,2021-12-31,56.8144260576222
18,San Juan,2021-12-31,39.5888518648717
19,San Luis,2021-12-31,80.2957828313538
20,Santa Cruz,2021-12-31,43.0512146611735
21,Santa Fe,2021-12-31,77.0892017943923
22,Santiago Del Estero,2021-12-31,47.0459491943867
23,Tierra Del Fuego,2021-12-31,98.4006164486543
24,Tucumán,2021-12-31,55.9259910242439
1,Buenos Aires,2021-09-30,71.6821894010193
2,Capital Federal,2021-09-30,111.271055142509
3,Catamarca,2021-09-30,52.7097934860013
4,Chaco,2021-09-30,42.9624100796766
5,Chubut,2021-09-30,80.7097384765756
6,Córdoba,2021-09-30,81.2845665540848
7,Corrientes,2021-09-30,44.9008831266441
8,Entre Ríos,2021-09-30,62.1794014538577
9,Formosa,2021-09-30,33.9620335406843
10,Jujuy,2021-09-30,55.6892647441935
11,La Pampa,2021-09-30,84.2799630965361
12,La Rioja,2021-09-30,77.2601606138685
13,Mendoza,2021-09-30,45.548284680561
14,Misiones,2021-09-30,45.5706536580879
15,Neuquén,2021-09-30,69.7065334450161
16,Río Negro,2021-09-30,61.9672131147541
17,Salta,2021-09-30,55.9642780595842
18,San Juan,2021-09-30,39.4554480019856
19,San Luis,2021-09-30,79.8704334921291
20,Santa Cruz,2021-09-30,43.7473202801201
21,Santa Fe,2021-09-30,75.0170476272823
22,Santiago Del Estero,2021-09-30,47.0
23,Tierra Del Fuego,2021-09-30,94.9538682598503
24,Tucumán,2021-09-30,54.636044861008
1,Buenos Aires,2021-06-30,70.0033033602797
2,Capital Federal,2021-06-30,110.144402032121
3,Catamarca,2021-06-30,52.3403096626386
4,Chaco,2021-06-30,43.3276272929354
5,Chubut,2021-06-30,72.2941048193647
6,Córdoba,2021-06-30,80.1151879593124
7,Corrientes,2021-06-30,43.5411637336848
8,Entre Ríos,2021-06-30,61.6602644647879
9,Formosa,2021-06-30,33.2254841932261
10,Jujuy,2021-06-30,56.1821570114677
11,La Pampa,2021-06-30,82.080006723254
12,La Rioja,2021-06-30,76.9786615851933
13,Mendoza,2021-06-30,40.9732418261709
14,Misiones,2021-06-30,45.0128113119994
15,Neuquén,2021-06-30,69.1402108463862
16,Río Negro,2021-06-30,61.9420405741775
17,Salta,2021-06-30,54.9300901747889
18,San Juan,2021-06-30,39.2840257006206
19,San Luis,2021-06-30,83.4781072006307
20,Santa Cruz,2021-06-30,44.0149166554342
21,Santa Fe,2021-06-30,75.0687862629301
22,Santiago Del Estero,2021-06-30,46.5572753649211
23,Tierra Del Fuego,2021-06-30,67.8858077522918
24,Tucumán,2021-06-30,54.928196510348
1,Buenos Aires,2021-03-31,69.1052407618594
2,Capital Federal,2021-03-31,108.419939223293
3,Catamarca,2021-03-31,48.8990929278482
4,Chaco,2021-03-31,43.1364924170879
5,Chubut,2021-03-31,68.9942808881567
6,Córdoba,2021-03-31,78.5902806238002
7,Corrientes,2021-03-31,42.6641284388214
8,Entre Ríos,2021-03-31,60.4394497283423
9,Formosa,2021-03-31,32.7329557563272
10,Jujuy,2021-03-31,55.6324478962054
11,La Pampa,2021-03-31,81.7767634575221
12,La Rioja,2021-03-31,49.8069351907935
13,Mendoza,2021-03-31,39.1536615289964
14,Misiones,2021-03-31,43.1724389059718
15,Neuquén,2021-03-31,66.8420894204527
16,Río Negro,2021-03-31,60.8792403032577
17,Salta,2021-03-31,53.9300192633909
18,San Juan,2021-03-31,39.0551943353576
19,San Luis,2021-03-31,81.2373017712751
20,Santa Cruz,2021-03-31,41.6478310399074
21,Santa Fe,2021-03-31,73.9165640702618
22,Santiago Del Estero,2021-03-31,45.6730828236546
23,Tierra Del Fuego,2021-03-31,77.3493560917737
24,Tucumán,2021-03-31,54.8189225412539
1,Buenos Aires,2020-12-31,68.9770222017074
2,Capital Federal,2020-12-31,108.311074890435
3,Catamarca,2020-12-31,49.4068835454974
4,Chaco,2020-12-31,43.0307886497791
5,Chubut,2020-12-31,68.3518991582562
6,Córdoba,2020-12-31,78.0796087633819
7,Corrientes,2020-12-31,42.428283946949
8,Entre Ríos,2020-12-31,59.4743067609738
9,Formosa,2020-12-31,32.4873819075967
10,Jujuy,2020-12-31,53.4565912339089
11,La Pampa,2020-12-31,81.7679324894515
12,La Rioja,2020-12-31,50.1106121170115
13,Mendoza,2020-12-31,38.6295789622782
14,Misiones,2020-12-31,42.6441141611923
15,Neuquén,2020-12-31,67.0023452204809
16,Río Negro,2020-12-31,61.0886154804548
17,Salta,2020-12-31,54.0427520014766
18,San Juan,2020-12-31,36.3208821557581
19,San Luis,2020-12-31,81.679478061057
20,Santa Cruz,2020-12-31,36.999572459088
21,Santa Fe,2020-12-31,73.5807380726778
22,Santiago Del Estero,2020-12-31,43.7492566206899
23,Tierra Del Fuego,2020-12-31,76.265834969774
24,Tucumán,2020-12-31,54.7834044136996
1,Buenos Aires,2020-09-30,67.6561898309092
2,Capital Federal,2020-09-30,107.675901165732
3,Catamarca,2020-09-30,47.157098984172
4,Chaco,2020-09-30,41.5419205780652
5,Chubut,2020-09-30,68.3438981572004
6,Córdoba,2020-09-30,75.2203572366921
7,Corrientes,2020-09-30,41.7507494704644
8,Entre Ríos,2020-09-30,58.1901640924315
9,Formosa,2020-09-30,31.9056233101865
10,Jujuy,2020-09-30,54.0444192382091
11,La Pampa,2020-09-30,79.2644770667028
12,La Rioja,2020-09-30,50.1181132363027
13,Mendoza,2020-09-30,37.3486331372327
14,Misiones,2020-09-30,41.6044862854486
15,Neuquén,2020-09-30,65.2441702553022
16,Río Negro,2020-09-30,57.052405915845
17,Salta,2020-09-30,52.315712128488
18,San Juan,2020-09-30,38.7899552541285
19,San Luis,2020-09-30,79.9617220941719
20,Santa Cruz,2020-09-30,35.9515289078445
21,Santa Fe,2020-09-30,72.1206024734824
22,Santiago Del Estero,2020-09-30,43.3759313169191
23,Tierra Del Fuego,2020-09-30,76.809095839467
24,Tucumán,2020-09-30,53.2281495112899
1,Buenos Aires,2020-06-30,65.2205801358229
2,Capital Federal,2020-06-30,106.414805990736
3,Catamarca,2020-06-30,45.4318181818182
4,Chaco,2020-06-30,39.8325027900658
5,Chubut,2020-06-30,57.3446133872355
6,Córdoba,2020-06-30,72.7135853124239
7,Corrientes,2020-06-30,40.3047626797957
8,Entre Ríos,2020-06-30,56.5386547397096
9,Formosa,2020-06-30,31.1394362262631
10,Jujuy,2020-06-30,47.8878102278728
11,La Pampa,2020-06-30,76.1015828898756
12,La Rioja,2020-06-30,49.8399350183955
13,Mendoza,2020-06-30,36.2522434211
14,Misiones,2020-06-30,40.8877960096961
15,Neuquén,2020-06-30,63.8984690337643
16,Río Negro,2020-06-30,56.369335248792
17,Salta,2020-06-30,51.5815833534036
18,San Juan,2020-06-30,35.0948577636503
19,San Luis,2020-06-30,78.4096773527651
20,Santa Cruz,2020-06-30,35.792623969796
21,Santa Fe,2020-06-30,70.002168637187
22,Santiago Del Estero,2020-06-30,43.4671668246836
23,Tierra Del Fuego,2020-06-30,76.3694826074247
24,Tucumán,2020-06-30,51.7807409103048
1,Buenos Aires,2020-03-31,64.3256310174343
2,Capital Federal,2020-03-31,105.980174141819
3,Catamarca,2020-03-31,37.6154276874603
4,Chaco,2020-03-31,37.4838333691726
5,Chubut,2020-03-31,51.268489419097
6,Córdoba,2020-03-31,70.6880744339108
7,Corrientes,2020-03-31,38.7290799422309
8,Entre Ríos,2020-03-31,56.1200605143722
9,Formosa,2020-03-31,30.2283039626068
10,Jujuy,2020-03-31,46.6702306399878
11,La Pampa,2020-03-31,75.766787812914
12,La Rioja,2020-03-31,46.346631384167
13,Mendoza,2020-03-31,33.1420767001727
14,Misiones,2020-03-31,39.018347551712
15,Neuquén,2020-03-31,61.8474936235507
16,Río Negro,2020-03-31,55.1156686596236
17,Salta,2020-03-31,49.5956802701287
18,San Juan,2020-03-31,32.3922921363047
19,San Luis,2020-03-31,76.3085418464193
20,Santa Cruz,2020-03-31,35.9742762889655
21,Santa Fe,2020-03-31,69.5235794025313
22,Santiago Del Estero,2020-03-31,42.4663591879918
23,Tierra Del Fuego,2020-03-31,76.0696497901879
24,Tucumán,2020-03-31,47.8479232585003
1,Buenos Aires,2019-12-31,64.2520528824542
2,Capital Federal,2019-12-31,106.245467510411
3,Catamarca,2019-12-31,36.4384291271555
4,Chaco,2019-12-31,36.8354786303424
5,Chubut,2019-12-31,51.1450178551471
6,Córdoba,2019-12-31,70.4829556624422
7,Corrientes,2019-12-31,38.7674409892621
8,Entre Ríos,2019-12-31,57.9922169170451
9,Formosa,2019-12-31,30.471313480544
10,Jujuy,2019-12-31,45.3775463317507
11,La Pampa,2019-12-31,76.9241896917042
12,La Rioja,2019-12-31,47.1358901105243
13,Mendoza,2019-12-31,33.6490307202718
14,Misiones,2019-12-31,39.7892368404862
15,Neuquén,2019-12-31,59.3559009282245
16,Río Negro,2019-12-31,55.7050096828749
17,Salta,2019-12-31,50.3546389223882
18,San Juan,2019-12-31,32.8549757281553
19,San Luis,2019-12-31,74.9200260348146
20,Santa Cruz,2019-12-31,36.7113630853583
21,Santa Fe,2019-12-31,69.4823572559686
22,Santiago Del Estero,2019-12-31,42.9207738235818
23,Tierra Del Fuego,2019-12-31,79.6953613637709
24,Tucumán,2019-12-31,47.6490201252129
1,Buenos Aires,2019-09-30,69.3563010607913
2,Capital Federal,2019-09-30,112.645387803721
3,Catamarca,2019-09-30,30.8836145267372
4,Chaco,2019-09-30,35.8460309754608
5,Chubut,2019-09-30,47.5662416229331
6,Córdoba,2019-09-30,68.5923490106902
7,Corrientes,2019-09-30,38.4853511358672
8,Entre Ríos,2019-09-30,57.9000994579662
9,Formosa,2019-09-30,30.1124329977775
10,Jujuy,2019-09-30,44.3224868429136
11,La Pampa,2019-09-30,77.4526942329175
12,La Rioja,2019-09-30,47.9429051217464
13,Mendoza,2019-09-30,40.7371425873534
14,Misiones,2019-09-30,39.3329298674438
15,Neuquén,2019-09-30,64.1388726949158
16,Río Negro,2019-09-30,63.4247008870096
17,Salta,2019-09-30,44.4761779222872
18,San Juan,2019-09-30,37.0623130355423
19,San Luis,2019-09-30,85.2260887684934
20,Santa Cruz,2019-09-30,35.6281609788596
21,Santa Fe,2019-09-30,68.8717805759303
22,Santiago Del Estero,2019-09-30,55.3039114685454
23,Tierra Del Fuego,2019-09-30,96.4621096309238
24,Tucumán,2019-09-30,39.4876002040168
1,Buenos Aires,2019-06-30,67.847139823742
2,Capital Federal,2019-06-30,110.545566994852
3,Catamarca,2019-06-30,32.1309502201928
4,Chaco,2019-06-30,34.1402609798676
5,Chubut,2019-06-30,46.9879841362692
6,Córdoba,2019-06-30,68.0713093878985
7,Corrientes,2019-06-30,38.155585884188
8,Entre Ríos,2019-06-30,57.4782345887239
9,Formosa,2019-06-30,30.4182360069433
10,Jujuy,2019-06-30,44.511922790626
11,La Pampa,2019-06-30,77.083137502884
12,La Rioja,2019-06-30,48.7049391442432
13,Mendoza,2019-06-30,40.7546242353627
14,Misiones,2019-06-30,39.1461255416994
15,Neuquén,2019-06-30,63.0809643276744
16,Río Negro,2019-06-30,61.0942074999118
17,Salta,2019-06-30,41.8931983203698
18,San Juan,2019-06-30,35.5997173374818
19,San Luis,2019-06-30,81.789994425864
20,Santa Cruz,2019-06-30,28.8460630553221
21,Santa Fe,2019-06-30,67.4229199332195
22,Santiago Del Estero,2019-06-30,52.789971263171
23,Tierra Del Fuego,2019-06-30,94.7980342802349
24,Tucumán,2019-06-30,40.1360462142088
1,Buenos Aires,2019-03-31,66.2425552273681
2,Capital Federal,2019-03-31,109.196164558838
3,Catamarca,2019-03-31,32.1904889561213
4,Chaco,2019-03-31,32.6358765794295
5,Chubut,2019-03-31,42.997736337178
6,Córdoba,2019-03-31,65.5173840768055
7,Corrientes,2019-03-31,35.1349868869881
8,Entre Ríos,2019-03-31,56.7881599616928
9,Formosa,2019-03-31,29.6776946304319
10,Jujuy,2019-03-31,46.4084387403666
11,La Pampa,2019-03-31,76.3545743378065
12,La Rioja,2019-03-31,50.1845878832627
13,Mendoza,2019-03-31,37.6571649702829
14,Misiones,2019-03-31,36.2571682655235
15,Neuquén,2019-03-31,58.8780043343749
16,Río Negro,2019-03-31,53.5716497810025
17,Salta,2019-03-31,40.0983444177161
18,San Juan,2019-03-31,31.8330580534655
19,San Luis,2019-03-31,67.3379373977716
20,Santa Cruz,2019-03-31,23.6676549967689
21,Santa Fe,2019-03-31,66.9740909479148
22,Santiago Del Estero,2019-03-31,37.5194167460039
23,Tierra Del Fuego,2019-03-31,93.3758192272124
24,Tucumán,2019-03-31,41.6307444313476
1,Buenos Aires,2018-12-31,64.6028466348432
2,Capital Federal,2018-12-31,108.273149970574
3,Catamarca,2018-12-31,32.2253461660253
4,Chaco,2018-12-31,32.5909608763298
5,Chubut,2018-12-31,42.6109360960454
6,Córdoba,2018-12-31,65.0892645911237
7,Corrientes,2018-12-31,34.5662765686955
8,Entre Ríos,2018-12-31,54.3747734863994
9,Formosa,2018-12-31,29.73653915732
10,Jujuy,2018-12-31,46.5322663913268
11,La Pampa,2018-12-31,73.4940482831421
12,La Rioja,2018-12-31,50.3479939174172
13,Mendoza,2018-12-31,37.7577838459117
14,Misiones,2018-12-31,34.4507488777944
15,Neuquén,2018-12-31,59.0691692663678
16,Río Negro,2018-12-31,51.8614034542606
17,Salta,2018-12-31,39.8016100697381
18,San Juan,2018-12-31,31.8962520702558
19,San Luis,2018-12-31,67.5504536976004
20,Santa Cruz,2018-12-31,23.6891941006561
21,Santa Fe,2018-12-31,65.5870688619156
22,Santiago Del Estero,2018-12-31,37.4007259512934
23,Tierra Del Fuego,2018-12-31,93.5925708620794
24,Tucumán,2018-12-31,41.7579696387777
1,Buenos Aires,2018-09-30,64.4405675975205
2,Capital Federal,2018-09-30,108.445914110219
3,Catamarca,2018-09-30,32.9159453741104
4,Chaco,2018-09-30,32.2831008330776
5,Chubut,2018-09-30,56.391745852269
6,Córdoba,2018-09-30,64.2421002602934
7,Corrientes,2018-09-30,34.2499388738322
8,Entre Ríos,2018-09-30,50.2220138583775
9,Formosa,2018-09-30,29.5765734288784
10,Jujuy,2018-09-30,23.2637001371955
11,La Pampa,2018-09-30,71.7502365184484
12,La Rioja,2018-09-30,50.7330431805956
13,Mendoza,2018-09-30,37.9905972679962
14,Misiones,2018-09-30,32.103666418059
15,Neuquén,2018-09-30,60.4866167439691
16,Río Negro,2018-09-30,50.5426480870375
17,Salta,2018-09-30,39.4274134206841
18,San Juan,2018-09-30,33.0514165039238
19,San Luis,2018-09-30,52.3531149755192
20,Santa Cruz,2018-09-30,32.7278502945593
21,Santa Fe,2018-09-30,63.4096146162309
22,Santiago Del Estero,2018-09-30,36.2496169780513
23,Tierra Del Fuego,2018-09-30,92.7719183939406
24,Tucumán,2018-09-30,41.6810135952876
1,Buenos Aires,2018-06-30,62.7822665109499
2,Capital Federal,2018-06-30,106.534941281467
3,Catamarca,2018-06-30,32.8575008674866
4,Chaco,2018-06-30,31.2517049960349
5,Chubut,2018-06-30,54.9023033373551
6,Córdoba,2018-06-30,63.2743661231958
7,Corrientes,2018-06-30,33.8097539088117
8,Entre Ríos,2018-06-30,49.2026118705284
9,Formosa,2018-06-30,29.434226520797
10,Jujuy,2018-06-30,23.4322027298545
11,La Pampa,2018-06-30,71.0403378727806
12,La Rioja,2018-06-30,50.9778907392324
13,Mendoza,2018-06-30,36.9728727240613
14,Misiones,2018-06-30,31.6309076822218
15,Neuquén,2018-06-30,60.2367916140203
16,Río Negro,2018-06-30,50.1478946239634
17,Salta,2018-06-30,39.9371920998973
18,San Juan,2018-06-30,32.9466488486842
19,San Luis,2018-06-30,15.1504244913514
20,Santa Cruz,2018-06-30,33.3323645100661
21,Santa Fe,2018-06-30,62.5707923995744
22,Santiago Del Estero,2018-06-30,35.2564642111642
23,Tierra Del Fuego,2018-06-30,91.6051962953856
24,Tucumán,2018-06-30,41.5125631700174
1,Buenos Aires,2018-03-31,62.6262116616845
2,Capital Federal,2018-03-31,106.235671745868
3,Catamarca,2018-03-31,32.7936161374153
4,Chaco,2018-03-31,30.8299276457025
5,Chubut,2018-03-31,53.7156048824891
6,Córdoba,2018-03-31,63.5171696520162
7,Corrientes,2018-03-31,32.6634608731751
8,Entre Ríos,2018-03-31,48.6812024178572
9,Formosa,2018-03-31,21.4043102592114
10,Jujuy,2018-03-31,23.1212608756775
11,La Pampa,2018-03-31,71.751636922758
12,La Rioja,2018-03-31,51.4435101124481
13,Mendoza,2018-03-31,37.0721511024033
14,Misiones,2018-03-31,30.9567358844696
15,Neuquén,2018-03-31,61.5173903515637
16,Río Negro,2018-03-31,49.8168613122324
17,Salta,2018-03-31,39.7755916329188
18,San Juan,2018-03-31,32.6091774516929
19,San Luis,2018-03-31,15.1487903482749
20,Santa Cruz,2018-03-31,33.5527598985762
21,Santa Fe,2018-03-31,62.2819984430096
22,Santiago Del Estero,2018-03-31,34.9882694482421
23,Tierra Del Fuego,2018-03-31,65.1996370235935
24,Tucumán,2018-03-31,41.1760093888662
1,Buenos Aires,2017-12-31,57.6096152902582
2,Capital Federal,2017-12-31,122.89742418735
3,Catamarca,2017-12-31,28.6209500939249
4,Chaco,2017-12-31,30.8081581112365
5,Chubut,2017-12-31,51.4630962674935
6,Córdoba,2017-12-31,63.3326256520777
7,Corrientes,2017-12-31,32.5151183111876
8,Entre Ríos,2017-12-31,47.8852452937468
9,Formosa,2017-12-31,21.2709766892497
10,Jujuy,2017-12-31,22.742083716267
11,La Pampa,2017-12-31,71.0497610637856
12,La Rioja,2017-12-31,51.5684744054618
13,Mendoza,2017-12-31,33.3256255341505
14,Misiones,2017-12-31,31.1421848537985
15,Neuquén,2017-12-31,61.242323177851
16,Río Negro,2017-12-31,49.3756297682453
17,Salta,2017-12-31,39.796242471459
18,San Juan,2017-12-31,30.2999291912817
19,San Luis,2017-12-31,10.5867310697542
20,Santa Cruz,2017-12-31,28.9124928828068
21,Santa Fe,2017-12-31,61.7127712196729
22,Santiago Del Estero,2017-12-31,29.1263861095011
23,Tierra Del Fuego,2017-12-31,59.8941359626362
24,Tucumán,2017-12-31,39.8968735176797
1,Buenos Aires,2017-09-30,55.6293833953396
2,Capital Federal,2017-09-30,121.858325909693
3,Catamarca,2017-09-30,32.4909256779052
4,Chaco,2017-09-30,29.9759256476576
5,Chubut,2017-09-30,46.2153774665184
6,Córdoba,2017-09-30,62.3070022529633
7,Corrientes,2017-09-30,32.165435745938
8,Entre Ríos,2017-09-30,45.9581216701772
9,Formosa,2017-09-30,21.3503843800708
10,Jujuy,2017-09-30,22.6453629950826
11,La Pampa,2017-09-30,69.1399370114264
12,La Rioja,2017-09-30,51.465252304947
13,Mendoza,2017-09-30,35.7049317772057
14,Misiones,2017-09-30,30.2059909330319
15,Neuquén,2017-09-30,60.8304131050389
16,Río Negro,2017-09-30,48.5186589395006
17,Salta,2017-09-30,39.8397008069074
18,San Juan,2017-09-30,32.3668893599598
19,San Luis,2017-09-30,15.4778617902981
20,Santa Cruz,2017-09-30,33.2918297165896
21,Santa Fe,2017-09-30,60.9063556345152
22,Santiago Del Estero,2017-09-30,35.1210448843849
23,Tierra Del Fuego,2017-09-30,65.7418047343459
24,Tucumán,2017-09-30,39.6953791612326
1,Buenos Aires,2017-06-30,56.2721441616913
2,Capital Federal,2017-06-30,124.061393756425
3,Catamarca,2017-06-30,25.9771210676835
4,Chaco,2017-06-30,29.0455247754534
5,Chubut,2017-06-30,35.5460111791441
6,Córdoba,2017-06-30,58.9735289080036
7,Corrientes,2017-06-30,31.386121368355
8,Entre Ríos,2017-06-30,45.3893310282472
9,Formosa,2017-06-30,19.965076445262
10,Jujuy,2017-06-30,22.4034158946241
11,La Pampa,2017-06-30,63.4935264809968
12,La Rioja,2017-06-30,16.2034458061436
13,Mendoza,2017-06-30,31.7586053613908
14,Misiones,2017-06-30,30.0892480250859
15,Neuquén,2017-06-30,61.9101342766616
16,Río Negro,2017-06-30,46.0208051229332
17,Salta,2017-06-30,32.7394202636262
18,San Juan,2017-06-30,26.964616120247
19,San Luis,2017-06-30,9.5139703148683
20,Santa Cruz,2017-06-30,26.2486198287096
21,Santa Fe,2017-06-30,52.2696112396987
22,Santiago Del Estero,2017-06-30,14.118988073972
23,Tierra Del Fuego,2017-06-30,68.4632207595576
24,Tucumán,2017-06-30,38.1862336563929
1,Buenos Aires,2017-03-31,58.5740024492033
2,Capital Federal,2017-03-31,108.369208365608
3,Catamarca,2017-03-31,25.6593508380215
4,Chaco,2017-03-31,28.6216605384279
5,Chubut,2017-03-31,35.662220237763
6,Córdoba,2017-03-31,57.6533295928744
7,Corrientes,2017-03-31,30.9406001096441
8,Entre Ríos,2017-03-31,44.9072736870412
9,Formosa,2017-03-31,19.8424891786459
10,Jujuy,2017-03-31,22.7569859622323
11,La Pampa,2017-03-31,62.6692810457516
12,La Rioja,2017-03-31,16.1955241460542
13,Mendoza,2017-03-31,31.8430127701797
14,Misiones,2017-03-31,29.522202363131
15,Neuquén,2017-03-31,61.0230200678275
16,Río Negro,2017-03-31,46.0295387411952
17,Salta,2017-03-31,32.5754893148231
18,San Juan,2017-03-31,27.0367609884239
19,San Luis,2017-03-31,9.5455001936789
20,Santa Cruz,2017-03-31,26.5249917378546
21,Santa Fe,2017-03-31,51.9701076920804
22,Santiago Del Estero,2017-03-31,14.7021194933686
23,Tierra Del Fuego,2017-03-31,68.9197485128813
24,Tucumán,2017-03-31,37.900160758941
1,Buenos Aires,2016-12-31,61.2365874303569
2,Capital Federal,2016-12-31,120.631331736324
3,Catamarca,2016-12-31,26.5435155899619
4,Chaco,2016-12-31,28.7866560852553
5,Chubut,2016-12-31,36.072905464279
6,Córdoba,2016-12-31,57.696719154379
7,Corrientes,2016-12-31,30.9810703764977
8,Entre Ríos,2016-12-31,45.208402854677
9,Formosa,2016-12-31,19.8482360781639
10,Jujuy,2016-12-31,22.6513870082414
11,La Pampa,2016-12-31,63.016182768654
12,La Rioja,2016-12-31,16.4553163840162
13,Mendoza,2016-12-31,32.10735338479
14,Misiones,2016-12-31,29.7201498077974
15,Neuquén,2016-12-31,60.8736672281991
16,Río Negro,2016-12-31,46.3852103506557
17,Salta,2016-12-31,32.6941197393755
18,San Juan,2016-12-31,27.2924214521971
19,San Luis,2016-12-31,9.64068243537056
20,Santa Cruz,2016-12-31,27.0467602148458
21,Santa Fe,2016-12-31,52.191050237189
22,Santiago Del Estero,2016-12-31,15.0678475104333
23,Tierra Del Fuego,2016-12-31,70.3052659053947
24,Tucumán,2016-12-31,37.9807622036193
1,Buenos Aires,2016-09-30,60.1432954546882
2,Capital Federal,2016-09-30,120.772877751015
3,Catamarca,2016-09-30,26.4806767574637
4,Chaco,2016-09-30,28.910749068481
5,Chubut,2016-09-30,36.1786944287865
6,Córdoba,2016-09-30,58.243816258032
7,Corrientes,2016-09-30,31.0668788260512
8,Entre Ríos,2016-09-30,45.4351408844733
9,Formosa,2016-09-30,18.6397083028628
10,Jujuy,2016-09-30,22.6051542652569
11,La Pampa,2016-09-30,61.7317854365091
12,La Rioja,2016-09-30,17.0745591064841
13,Mendoza,2016-09-30,32.0883588456665
14,Misiones,2016-09-30,29.9053857758982
15,Neuquén,2016-09-30,60.2148508885395
16,Río Negro,2016-09-30,46.3879653621594
17,Salta,2016-09-30,32.9558316811803
18,San Juan,2016-09-30,27.3171271359908
19,San Luis,2016-09-30,9.63053968688516
20,Santa Cruz,2016-09-30,26.8352018954507
21,Santa Fe,2016-09-30,52.6721503688625
22,Santiago Del Estero,2016-09-30,15.3296465784729
23,Tierra Del Fuego,2016-09-30,68.9404924910074
24,Tucumán,2016-09-30,37.8973634102384
1,Buenos Aires,2016-06-30,59.3385267910581
2,Capital Federal,2016-06-30,120.039535048253
3,Catamarca,2016-06-30,26.0741880597406
4,Chaco,2016-06-30,28.5935505552226
5,Chubut,2016-06-30,36.1243856555634
6,Córdoba,2016-06-30,57.5479805282864
7,Corrientes,2016-06-30,30.5801620466166
8,Entre Ríos,2016-06-30,44.7388745451874
9,Formosa,2016-06-30,19.370070664564
10,Jujuy,2016-06-30,21.8882810435767
11,La Pampa,2016-06-30,60.4368602573793
12,La Rioja,2016-06-30,16.8789026111115
13,Mendoza,2016-06-30,32.1259717944259
14,Misiones,2016-06-30,29.239512823022
15,Neuquén,2016-06-30,59.098285533662
16,Río Negro,2016-06-30,46.2401130781274
17,Salta,2016-06-30,32.081726025082
18,San Juan,2016-06-30,27.3407815140911
19,San Luis,2016-06-30,9.60373385160232
20,Santa Cruz,2016-06-30,26.7289117253198
21,Santa Fe,2016-06-30,52.4364772593711
22,Santiago Del Estero,2016-06-30,15.8889250473061
23,Tierra Del Fuego,2016-06-30,67.7182428825529
24,Tucumán,2016-06-30,37.2356828933842
1,Buenos Aires,2016-03-31,57.3359078225411
2,Capital Federal,2016-03-31,115.160058888848
3,Catamarca,2016-03-31,25.9102179811905
4,Chaco,2016-03-31,28.0751464477524
5,Chubut,2016-03-31,36.0927055378499
6,Córdoba,2016-03-31,55.2830927837402
7,Corrientes,2016-03-31,30.0807850041331
8,Entre Ríos,2016-03-31,43.8459681446623
9,Formosa,2016-03-31,19.0418783694349
10,Jujuy,2016-03-31,21.410011288564
11,La Pampa,2016-03-31,57.8408686550453
12,La Rioja,2016-03-31,16.8335183724942
13,Mendoza,2016-03-31,32.1233388880128
14,Misiones,2016-03-31,28.3676525909563
15,Neuquén,2016-03-31,55.7539370042541
16,Río Negro,2016-03-31,45.8351263870833
17,Salta,2016-03-31,31.3155459711532
18,San Juan,2016-03-31,27.3307941100043
19,San Luis,2016-03-31,9.58634628277021
20,Santa Cruz,2016-03-31,26.86586252145
21,Santa Fe,2016-03-31,51.2773408540762
22,Santiago Del Estero,2016-03-31,16.205749206822
23,Tierra Del Fuego,2016-03-31,65.8330416313501
24,Tucumán,2016-03-31,36.7247713663659
1,Buenos Aires,2015-12-31,58.2918218273372
2,Capital Federal,2015-12-31,118.130363211538
3,Catamarca,2015-12-31,26.2394517885919
4,Chaco,2015-12-31,28.3505662351414
5,Chubut,2015-12-31,36.8901782778659
6,Córdoba,2015-12-31,57.3648817660792
7,Corrientes,2015-12-31,30.3364314453388
8,Entre Ríos,2015-12-31,44.108548073001
9,Formosa,2015-12-31,19.0654915167863
10,Jujuy,2015-12-31,21.4714737939107
11,La Pampa,2015-12-31,58.7563372001228
12,La Rioja,2015-12-31,17.3157786484107
13,Mendoza,2015-12-31,32.4889524950014
14,Misiones,2015-12-31,28.6866588915424
15,Neuquén,2015-12-31,58.2893377687955
16,Río Negro,2015-12-31,46.4394811149431
17,Salta,2015-12-31,31.5934926480719
18,San Juan,2015-12-31,27.6648539357743
19,San Luis,2015-12-31,9.70576898450631
20,Santa Cruz,2015-12-31,27.7447690664797
21,Santa Fe,2015-12-31,52.6080897858581
22,Santiago Del Estero,2015-12-31,17.0049780380361
23,Tierra Del Fuego,2015-12-31,66.4622043362379
24,Tucumán,2015-12-31,37.0621732832959
1,Buenos Aires,2015-09-30,57.6886810560801
2,Capital Federal,2015-09-30,118.28921116432
3,Catamarca,2015-09-30,25.8637811846376
4,Chaco,2015-09-30,27.9630727934794
5,Chubut,2015-09-30,36.8118099146332
6,Córdoba,2015-09-30,57.0834037895185
7,Corrientes,2015-09-30,30.167412409019
8,Entre Ríos,2015-09-30,43.6771816352633
9,Formosa,2015-09-30,18.8367517737853
10,Jujuy,2015-09-30,21.2703333470887
11,La Pampa,2015-09-30,57.9639597509152
12,La Rioja,2015-09-30,17.1511294420325
13,Mendoza,2015-09-30,32.4919958318665
14,Misiones,2015-09-30,28.3063450934369
15,Neuquén,2015-09-30,54.5993148967112
16,Río Negro,2015-09-30,46.3891866567451
17,Salta,2015-09-30,31.1759452128584
18,San Juan,2015-09-30,27.66538565566
19,San Luis,2015-09-30,9.70650326873876
20,Santa Cruz,2015-09-30,27.6060609834294
21,Santa Fe,2015-09-30,52.1459547408435
22,Santiago Del Estero,2015-09-30,17.1188225313532
23,Tierra Del Fuego,2015-09-30,74.8584578403385
24,Tucumán,2015-09-30,36.6103595277426
1,Buenos Aires,2015-06-30,56.8028056143921
2,Capital Federal,2015-06-30,116.066270918604
3,Catamarca,2015-06-30,25.4534180446982
4,Chaco,2015-06-30,27.4645393883995
5,Chubut,2015-06-30,36.5824672045848
6,Córdoba,2015-06-30,55.8691635078182
7,Corrientes,2015-06-30,29.5840126681085
8,Entre Ríos,2015-06-30,42.9319790164588
9,Formosa,2015-06-30,18.3602672052786
10,Jujuy,2015-06-30,20.2872190775949
11,La Pampa,2015-06-30,56.7076652253
12,La Rioja,2015-06-30,16.8831909819638
13,Mendoza,2015-06-30,32.4919958318665
14,Misiones,2015-06-30,27.3476824488217
15,Neuquén,2015-06-30,53.1173365932314
16,Río Negro,2015-06-30,45.9761201343233
17,Salta,2015-06-30,30.4611238427009
18,San Juan,2015-06-30,27.6430534204585
19,San Luis,2015-06-30,9.70797183720366
20,Santa Cruz,2015-06-30,27.0722450274482
21,Santa Fe,2015-06-30,51.1765389086788
22,Santiago Del Estero,2015-06-30,17.1105666329829
23,Tierra Del Fuego,2015-06-30,74.5078743166472
24,Tucumán,2015-06-30,35.6877056091873
1,Buenos Aires,2015-03-31,56.3704843302674
2,Capital Federal,2015-03-31,114.896997148903
3,Catamarca,2015-03-31,25.1094663307876
4,Chaco,2015-03-31,26.6495912203056
5,Chubut,2015-03-31,37.6127806859079
6,Córdoba,2015-03-31,54.6973465018821
7,Corrientes,2015-03-31,28.9501912819093
8,Entre Ríos,2015-03-31,42.0651933735121
9,Formosa,2015-03-31,18.1227036739718
10,Jujuy,2015-03-31,19.6897136326236
11,La Pampa,2015-03-31,55.5080323273377
12,La Rioja,2015-03-31,16.7032017874138
13,Mendoza,2015-03-31,32.3658875605183
14,Misiones,2015-03-31,26.3056041051906
15,Neuquén,2015-03-31,51.9544367381025
16,Río Negro,2015-03-31,45.3269490720278
17,Salta,2015-03-31,30.0097882334428
18,San Juan,2015-03-31,27.5531927597664
19,San Luis,2015-03-31,9.71604896376059
20,Santa Cruz,2015-03-31,27.9948639434945
21,Santa Fe,2015-03-31,50.2444947593192
22,Santiago Del Estero,2015-03-31,17.0558169911586
23,Tierra Del Fuego,2015-03-31,74.2349517001027
24,Tucumán,2015-03-31,35.0786068853898
1,Buenos Aires,2014-12-31,56.0943365301975
2,Capital Federal,2014-12-31,114.896765508016
3,Catamarca,2014-12-31,25.513779082748
4,Chaco,2014-12-31,21.8707832002322
5,Chubut,2014-12-31,40.2492746845027
6,Córdoba,2014-12-31,54.696896793323
7,Corrientes,2014-12-31,23.5624309927751
8,Entre Ríos,2014-12-31,36.0254708519679
9,Formosa,2014-12-31,17.9563113616952
10,Jujuy,2014-12-31,19.5994181805212
11,La Pampa,2014-12-31,51.2731334522286
12,La Rioja,2014-12-31,17.0107508872361
13,Mendoza,2014-12-31,32.6383818761503
14,Misiones,2014-12-31,24.1624306055883
15,Neuquén,2014-12-31,52.5549896972496
16,Río Negro,2014-12-31,45.478062751204
17,Salta,2014-12-31,29.534861619578
18,San Juan,2014-12-31,28.0371457145607
19,San Luis,2014-12-31,9.7863933663512
20,Santa Cruz,2014-12-31,27.8026789696523
21,Santa Fe,2014-12-31,49.9996230234827
22,Santiago Del Estero,2014-12-31,17.2692015836451
23,Tierra Del Fuego,2014-12-31,66.1378194733832
24,Tucumán,2014-12-31,35.3208751693282
1,Buenos Aires,2014-09-30,56.754739164071
2,Capital Federal,2014-09-30,113.800512332415
3,Catamarca,2014-09-30,24.7061213053276
4,Chaco,2014-09-30,21.1126667052624
5,Chubut,2014-09-30,40.5986709442745
6,Córdoba,2014-09-30,54.2336102829994
7,Corrientes,2014-09-30,22.7875350351524
8,Entre Ríos,2014-09-30,34.981647333713
9,Formosa,2014-09-30,17.7713148314683
10,Jujuy,2014-09-30,18.3685342155704
11,La Pampa,2014-09-30,55.7812017385042
12,La Rioja,2014-09-30,16.5067132740672
13,Mendoza,2014-09-30,32.3131795616557
14,Misiones,2014-09-30,23.5673569543455
15,Neuquén,2014-09-30,56.3954110270698
16,Río Negro,2014-09-30,46.1961871578301
17,Salta,2014-09-30,29.2226843537979
18,San Juan,2014-09-30,27.8542444781027
19,San Luis,2014-09-30,9.71121075967275
20,Santa Cruz,2014-09-30,28.231942904275
21,Santa Fe,2014-09-30,49.1958844455727
22,Santiago Del Estero,2014-09-30,16.4922039083019
23,Tierra Del Fuego,2014-09-30,65.6861020447619
24,Tucumán,2014-09-30,33.9437558222181
1,Buenos Aires,2014-06-30,55.0614169514339
2,Capital Federal,2014-06-30,113.14335247541
3,Catamarca,2014-06-30,24.7031188600584
4,Chaco,2014-06-30,20.9579963674944
5,Chubut,2014-06-30,41.4102098199126
6,Córdoba,2014-06-30,53.448126115626
7,Corrientes,2014-06-30,22.5756130032436
8,Entre Ríos,2014-06-30,34.6874323714598
9,Formosa,2014-06-30,17.5404117548517
10,Jujuy,2014-06-30,18.7060609994136
11,La Pampa,2014-06-30,49.7075961603446
12,La Rioja,2014-06-30,16.5025648163457
13,Mendoza,2014-06-30,32.0982381502412
14,Misiones,2014-06-30,23.3677476012998
15,Neuquén,2014-06-30,50.8427490584487
16,Río Negro,2014-06-30,45.3349103201463
17,Salta,2014-06-30,28.9145940008629
18,San Juan,2014-06-30,27.7826978179589
19,San Luis,2014-06-30,9.71791019987182
20,Santa Cruz,2014-06-30,29.3770071530543
21,Santa Fe,2014-06-30,48.3903513867014
22,Santiago Del Estero,2014-06-30,16.6955673473544
23,Tierra Del Fuego,2014-06-30,64.3560451715994
24,Tucumán,2014-06-30,33.9445268856823
1,Buenos Aires,2014-03-31,54.5700728794398
2,Capital Federal,2014-03-31,112.254122789269
3,Catamarca,2014-03-31,24.2517512545856
4,Chaco,2014-03-31,20.7185388638408
5,Chubut,2014-03-31,41.2352180797243
6,Córdoba,2014-03-31,52.5178475440063
7,Corrientes,2014-03-31,22.3167167138389
8,Entre Ríos,2014-03-31,34.3671218212502
9,Formosa,2014-03-31,17.4184510793687
10,Jujuy,2014-03-31,18.4153524468777
11,La Pampa,2014-03-31,48.425321038282
12,La Rioja,2014-03-31,16.2941048158375
13,Mendoza,2014-03-31,31.9131229866058
14,Misiones,2014-03-31,23.1365386484773
15,Neuquén,2014-03-31,49.7916051913856
16,Río Negro,2014-03-31,44.9139571317885
