Id_Provincia,Provincia,Fecha,Accesos telefonía fija por cada 100 hab,Accesos telefonía fija por cada 100 hogares
1,Buenos Aires,2014-03-31,26.71754097637023,85.26487965836321
2,Capital Federal,2014-03-31,52.66310752251635,128.57034093318336
3,Catamarca,2014-03-31,10.034940315611353,39.44659590264262
4,Chaco,2014-03-31,9.094093463116192,34.022053433325745
5,Chubut,2014-03-31,17.657914414568747,57.59462956340335
6,Córdoba,2014-03-31,21.09164300566625,68.8842540851804
7,Corrientes,2014-03-31,9.713546014023905,36.884951176157685
8,Entre Ríos,2014-03-31,17.14151596972427,57.326999825392434
9,Formosa,2014-03-31,7.377900390215247,28.984601436832925
10,Jujuy,2014-03-31,7.814437989654778,30.555215970809485
11,La Pampa,2014-03-31,21.26068376068376,64.52300554426003
12,La Rioja,2014-03-31,10.979221909123908,41.24124436673224
13,Mendoza,2014-03-31,17.259200413035764,61.83957224588023
14,Misiones,2014-03-31,9.492694978059705,34.84645472513624
15,Neuquén,2014-03-31,15.269578986624383,51.28707106120783
16,Río Negro,2014-03-31,17.693214146386953,57.514775906879166
17,Salta,2014-03-31,10.763841269154527,44.43693741597711
18,San Juan,2014-03-31,12.708558374996452,49.88615189685285
19,San Luis,2014-03-31,10.924384262072753,38.16769687093303
20,Santa Cruz,2014-03-31,13.171295516057151,44.25045697812372
21,Santa Fe,2014-03-31,22.927498048534865,72.91043546719332
22,Santiago del Estero,2014-03-31,7.7298672793691665,31.145180043689663
23,Tierra del Fuego,2014-03-31,22.23456302211805,74.97587427048389
24,Tucumán,2014-03-31,13.474601741015713,54.39036615631549
1,Buenos Aires,2014-06-30,26.60523597024805,84.7441241160982
2,Capital Federal,2014-06-30,52.56115664138207,127.67682065177208
3,Catamarca,2014-06-30,10.018866051037632,39.38290014912079
4,Chaco,2014-06-30,9.057581701771776,33.88517475451896
5,Chubut,2014-06-30,17.572592852303174,57.31467490313664
6,Córdoba,2014-06-30,20.908244627110435,68.2846439293108
7,Corrientes,2014-06-30,9.69140692905088,36.80062924592909
8,Entre Ríos,2014-06-30,17.118674622024724,57.25011995054216
9,Formosa,2014-06-30,7.368081414107943,28.945727617181344
10,Jujuy,2014-06-30,7.822938153303573,30.588114484807683
11,La Pampa,2014-06-30,21.446048482314524,65.08533643106067
12,La Rioja,2014-06-30,10.898970404300613,40.93921448647079
13,Mendoza,2014-06-30,17.20490069178541,61.64439414267319
14,Misiones,2014-06-30,9.452613486248715,34.69889670863214
15,Neuquén,2014-06-30,15.220315610538208,51.12054549024028
16,Río Negro,2014-06-30,17.622707578263892,57.28474815127722
17,Salta,2014-06-30,10.746755254519533,44.36563313028782
18,San Juan,2014-06-30,12.668242031337106,49.72714159528583
19,San Luis,2014-06-30,10.885829793920244,38.03225642360184
20,Santa Cruz,2014-06-30,13.108802806637565,44.03788938194539
21,Santa Fe,2014-06-30,22.802567522289475,72.51280305373346
22,Santiago del Estero,2014-06-30,7.698043439395459,31.0166863588248
23,Tierra del Fuego,2014-06-30,22.078255986251413,74.44391212100471
24,Tucumán,2014-06-30,13.493543256830517,54.466092069648006
1,Buenos Aires,2014-09-30,26.690622077147815,84.85049828768376
2,Capital Federal,2014-09-30,52.69002111099782,127.34607521513811
3,Catamarca,2014-09-30,10.02049664357937,39.38997603833866
4,Chaco,2014-09-30,9.346106274614703,34.965155068203586
5,Chubut,2014-09-30,17.573277236841633,57.32003109310983
6,Córdoba,2014-09-30,20.738111927476435,67.73007744618815
7,Corrientes,2014-09-30,9.938516000252456,37.739527330350086
8,Entre Ríos,2014-09-30,17.59380928180404,58.84005747141104
9,Formosa,2014-09-30,7.361756103332538,28.92141114065608
10,Jujuy,2014-09-30,7.823840741547862,30.592296294688165
11,La Pampa,2014-09-30,21.195751155918245,64.32646875278594
12,La Rioja,2014-09-30,10.832858726844018,40.69140140553948
13,Mendoza,2014-09-30,17.148031549190787,61.44229016568013
14,Misiones,2014-09-30,9.515337809020362,34.930278542757605
15,Neuquén,2014-09-30,15.159363265893026,50.91820157625519
16,Río Negro,2014-09-30,17.573203579807107,57.12550664463557
17,Salta,2014-09-30,10.723058232719929,44.2692898092165
18,San Juan,2014-09-30,12.715469239566952,49.91364236137185
19,San Luis,2014-09-30,10.781882343948396,37.67016075786913
20,Santa Cruz,2014-09-30,13.106011222311697,44.03255069943208
21,Santa Fe,2014-09-30,22.90249728813358,72.83111908675524
22,Santiago del Estero,2014-09-30,7.68847744902452,30.97824658542355
23,Tierra del Fuego,2014-09-30,21.96870443902472,74.0812904979836
24,Tucumán,2014-09-30,13.515556427152967,54.55621423045196
1,Buenos Aires,2014-12-31,26.963167695953384,85.54809357132712
2,Capital Federal,2014-12-31,52.93347683369339,127.29050948547074
3,Catamarca,2014-12-31,9.98875020903328,39.26554516389279
4,Chaco,2014-12-31,9.277416571657474,34.70845725917216
5,Chubut,2014-12-31,17.755560984918066,57.91552507431257
6,Córdoba,2014-12-31,20.647162152746336,67.4334465015363
7,Corrientes,2014-12-31,9.8872474720186,37.54509414908991
8,Entre Ríos,2014-12-31,17.51074588261622,58.56256968734249
9,Formosa,2014-12-31,7.313690364599607,28.73285732795952
10,Jujuy,2014-12-31,7.812454593636398,30.547965218520545
11,La Pampa,2014-12-31,21.412787358006167,64.98532420172552
12,La Rioja,2014-12-31,10.736963316334922,40.33161688980433
13,Mendoza,2014-12-31,17.493758236031585,62.68139024562894
14,Misiones,2014-12-31,9.46718701302221,34.753735473159935
15,Neuquén,2014-12-31,15.285469183913325,51.34258828932764
16,Río Negro,2014-12-31,17.800559852245183,57.86540833892296
17,Salta,2014-12-31,10.67764493093342,44.08228885385612
18,San Juan,2014-12-31,12.961683772247133,50.880317470504544
19,San Luis,2014-12-31,10.841950903654611,37.88037853023806
20,Santa Cruz,2014-12-31,13.17337343434728,44.26098450124714
21,Santa Fe,2014-12-31,22.78710396406377,72.46444285179521
22,Santiago del Estero,2014-12-31,7.64648544443035,30.80925461551232
23,Tierra del Fuego,2014-12-31,21.95860743785111,74.04940827071053
24,Tucumán,2014-12-31,13.473395752454898,54.38648904686395
1,Buenos Aires,2015-03-31,28.930004632901312,91.60693229646868
2,Capital Federal,2015-03-31,53.53260905172922,128.08327729155988
3,Catamarca,2015-03-31,9.893687472511916,38.89192492274674
4,Chaco,2015-03-31,9.152741476536937,34.241963402977824
5,Chubut,2015-03-31,18.509623918152325,60.3750535542664
6,Córdoba,2015-03-31,20.510624770548,66.98738503661372
7,Corrientes,2015-03-31,10.17378123942516,38.63313577873885
8,Entre Ríos,2015-03-31,17.451178400048594,58.36321252996384
9,Formosa,2015-03-31,7.248186394800507,28.47540191722852
10,Jujuy,2015-03-31,7.787330791177135,30.4496291301416
11,La Pampa,2015-03-31,22.474137578142816,68.20658443517614
12,La Rioja,2015-03-31,10.62838096278892,39.92364610379615
13,Mendoza,2015-03-31,18.053147946232343,64.68561683424993
14,Misiones,2015-03-31,9.33119905983902,34.25452719727516
15,Neuquén,2015-03-31,15.584143901038846,52.34549475450198
16,Río Negro,2015-03-31,18.30850849699514,59.516364978991696
17,Salta,2015-03-31,10.620185178487468,43.84489757827446
18,San Juan,2015-03-31,13.359434540265095,52.44156716776075
19,San Luis,2015-03-31,10.97413100462466,38.34206435165742
20,Santa Cruz,2015-03-31,18.170735932917744,61.05072655497582
21,Santa Fe,2015-03-31,22.623189162913132,71.94307671803227
22,Santiago del Estero,2015-03-31,7.580289366119509,30.542569460480397
23,Tierra del Fuego,2015-03-31,22.145289744643076,74.67825542943963
24,Tucumán,2015-03-31,13.383779312188562,54.0246472420744
1,Buenos Aires,2015-06-30,28.03282454819024,88.58980634230011
2,Capital Federal,2015-06-30,54.18247868999331,128.9855614748156
3,Catamarca,2015-06-30,9.869685156513976,38.79725630910136
4,Chaco,2015-06-30,9.126893793470572,34.145007288032886
5,Chubut,2015-06-30,19.01144446132592,62.01026858515954
6,Córdoba,2015-06-30,20.3168437274419,66.35394389865327
7,Corrientes,2015-06-30,10.148567624077527,38.53706169551709
8,Entre Ríos,2015-06-30,17.406600364608305,58.21369227339967
9,Formosa,2015-06-30,7.230156289413578,28.40445533465916
10,Jujuy,2015-06-30,7.763332718975141,30.35549101860816
11,La Pampa,2015-06-30,22.78517939397829,69.15033952775983
12,La Rioja,2015-06-30,10.591585647738505,39.78462734189642
13,Mendoza,2015-06-30,18.597374689381063,66.63496525842672
14,Misiones,2015-06-30,9.30193805104174,34.146688086999504
15,Neuquén,2015-06-30,15.78557926878524,53.02120131755308
16,Río Negro,2015-06-30,18.82754737902215,61.2028779658649
17,Salta,2015-06-30,10.583701002844244,43.69369927897879
18,San Juan,2015-06-30,13.650598851873225,53.584056915281096
19,San Luis,2015-06-30,11.109429774785,38.81427742736091
20,Santa Cruz,2015-06-30,18.42160410613136,61.89000042032702
21,Santa Fe,2015-06-30,22.51706460767233,71.60528748572804
22,Santiago del Estero,2015-06-30,7.560058149316055,30.46085392242915
23,Tierra del Fuego,2015-06-30,22.495377346695708,75.85426466672584
24,Tucumán,2015-06-30,13.335093061329664,53.82747869676729
1,Buenos Aires,2015-09-30,28.239033838370965,89.06135070800715
2,Capital Federal,2015-09-30,53.26856447763112,126.1703101858086
3,Catamarca,2015-09-30,9.871807127080997,38.80604394517731
4,Chaco,2015-09-30,9.36108058945056,35.021733608590694
5,Chubut,2015-09-30,19.360751142236754,63.15240017446301
6,Córdoba,2015-09-30,20.361877374174085,66.50203097814187
7,Corrientes,2015-09-30,10.33640494036708,39.250987878120455
8,Entre Ríos,2015-09-30,17.772948854719335,59.439739407005135
9,Formosa,2015-09-30,7.205624810391903,28.30858203143517
10,Jujuy,2015-09-30,7.787140218976209,30.449251909072057
11,La Pampa,2015-09-30,22.891678478603176,69.4747721009116
12,La Rioja,2015-09-30,10.486262402092317,39.38995556642615
13,Mendoza,2015-09-30,18.970248174774028,67.97271375384865
14,Misiones,2015-09-30,9.498347403277094,34.86869842324018
15,Neuquén,2015-09-30,15.900330813472626,53.40916280263056
16,Río Negro,2015-09-30,19.10770818564897,62.11534706245328
17,Salta,2015-09-30,10.558193553371614,43.58969804207767
18,San Juan,2015-09-30,13.953132944207972,54.77275486517421
19,San Luis,2015-09-30,11.1156860207257,38.837179541475855
20,Santa Cruz,2015-09-30,18.63659570853788,62.61804362716955
21,Santa Fe,2015-09-30,22.5399656100402,71.67871120770025
22,Santiago del Estero,2015-09-30,7.4389685146585265,29.973088573694405
23,Tierra del Fuego,2015-09-30,22.972761018455586,77.46997245179064
24,Tucumán,2015-09-30,13.373418835467154,53.98345608919152
1,Buenos Aires,2015-12-31,28.1671124658016,88.65343142894841
2,Capital Federal,2015-12-31,51.4486921823214,121.24450781509697
3,Catamarca,2015-12-31,9.854669474064613,38.73882761478208
4,Chaco,2015-12-31,9.000381846482144,33.67249316613135
5,Chubut,2015-12-31,19.42777499087157,63.3721539110787
6,Córdoba,2015-12-31,20.130016324551665,65.74517404759145
7,Corrientes,2015-12-31,10.014337978246669,38.02823342184335
8,Entre Ríos,2015-12-31,17.242254846846546,57.66524674308451
9,Formosa,2015-12-31,7.148421713371798,28.083913249104796
10,Jujuy,2015-12-31,7.787041094079922,30.44908078053616
11,La Pampa,2015-12-31,23.15470348063956,70.27303333157069
12,La Rioja,2015-12-31,10.428956888021329,39.174943635366525
13,Mendoza,2015-12-31,19.063511336687124,68.30737918043359
14,Misiones,2015-12-31,9.34545729609622,34.30770146927035
15,Neuquén,2015-12-31,17.36832183913236,58.34081767203397
16,Río Negro,2015-12-31,19.216618909602047,62.47002863758261
17,Salta,2015-12-31,10.5237188497561,43.44776760555386
18,San Juan,2015-12-31,14.058612416408096,55.1871387470562
19,San Luis,2015-12-31,11.066490614423694,38.66560226082979
20,Santa Cruz,2015-12-31,16.323798720701525,54.8494523738069
21,Santa Fe,2015-12-31,22.24071514924256,70.72733423553952
22,Santiago del Estero,2015-12-31,7.350989896692907,29.618888735218864
23,Tierra del Fuego,2015-12-31,23.060546266486657,77.76902197705981
24,Tucumán,2015-12-31,13.345128960561514,53.86977904390605
1,Buenos Aires,2016-03-31,29.03652486238087,91.20286036658274
2,Capital Federal,2016-03-31,52.618074677783554,123.3742130365199
3,Catamarca,2016-03-31,9.680359123422388,38.05348056728375
4,Chaco,2016-03-31,8.864295504419287,33.163322364582605
5,Chubut,2016-03-31,21.359314645326865,69.67235941007644
6,Córdoba,2016-03-31,19.55555159787821,63.868863901582486
7,Corrientes,2016-03-31,9.473530648191662,35.97443602485551
8,Entre Ríos,2016-03-31,16.774747445328995,56.10158854817458
9,Formosa,2016-03-31,7.0585389121281485,27.730854527438304
10,Jujuy,2016-03-31,7.690346923002476,30.07099607709364
11,La Pampa,2016-03-31,24.15325688259461,73.30378811860292
12,La Rioja,2016-03-31,10.17614949806284,38.22526288091166
13,Mendoza,2016-03-31,20.060109059519547,71.87827100468289
14,Misiones,2016-03-31,9.604889330150112,35.26003993770451
15,Neuquén,2016-03-31,16.273332417240024,54.6624588069859
16,Río Negro,2016-03-31,20.63782528763656,67.08997829683115
17,Salta,2016-03-31,10.354854362799628,42.750466326330255
18,San Juan,2016-03-31,15.324483478704618,60.15603995888136
19,San Luis,2016-03-31,11.192598325593782,39.1060356044691
20,Santa Cruz,2016-03-31,14.466949881925578,48.609624567758935
21,Santa Fe,2016-03-31,21.715315598516856,69.05645210790232
22,Santiago del Estero,2016-03-31,6.898045726658481,27.793774084259347
23,Tierra del Fuego,2016-03-31,25.11217700758162,84.68746602891619
24,Tucumán,2016-03-31,13.168161532668163,53.15522881564599
1,Buenos Aires,2016-06-30,29.217269546865914,91.58215312438058
2,Capital Federal,2016-06-30,51.66214259103471,121.27388626218104
3,Catamarca,2016-06-30,9.629011671907744,37.85150420234074
4,Chaco,2016-06-30,8.920368087971148,33.372766406877034
5,Chubut,2016-06-30,20.000624363712674,65.23898691497847
6,Córdoba,2016-06-30,19.51882996142425,63.74839342396024
7,Corrientes,2016-06-30,9.48736215357487,36.02681258983789
8,Entre Ríos,2016-06-30,16.875439923655993,56.43798462546313
9,Formosa,2016-06-30,6.974546662170236,27.40075188475584
10,Jujuy,2016-06-30,7.6624192049056,29.961525789412157
11,La Pampa,2016-06-30,23.686583990980832,71.88703578603827
12,La Rioja,2016-06-30,10.167539267015709,38.19249039363408
13,Mendoza,2016-06-30,19.423709384680468,69.59727832818035
14,Misiones,2016-06-30,9.18842751008694,33.730829829928055
15,Neuquén,2016-06-30,15.75396332629662,52.917081100736894
16,Río Negro,2016-06-30,19.923528049131885,64.7670868057947
17,Salta,2016-06-30,10.30914550833682,42.56123175888247
18,San Juan,2016-06-30,14.368278615972374,56.401913372582015
19,San Luis,2016-06-30,11.026854864294911,38.52640730276027
20,Santa Cruz,2016-06-30,13.46141561748092,45.22867801114007
21,Santa Fe,2016-06-30,21.67033565395639,68.91308899769413
22,Santiago del Estero,2016-06-30,7.044250620148835,28.38264817019959
23,Tierra del Fuego,2016-06-30,24.318647540983605,82.00742852206963
24,Tucumán,2016-06-30,13.043381148558096,52.65098200287513
1,Buenos Aires,2016-09-30,28.33383755317129,88.62800683780968
2,Capital Federal,2016-09-30,52.45462215949656,123.08694309786956
3,Catamarca,2016-09-30,9.678448258676712,38.04635307485845
4,Chaco,2016-09-30,8.880978810463775,33.2260648916315
5,Chubut,2016-09-30,20.41128149526773,66.5816269063549
6,Córdoba,2016-09-30,19.497155275776056,63.67859544833272
7,Corrientes,2016-09-30,9.475297488352645,35.981616778599864
8,Entre Ríos,2016-09-30,16.810803349397936,56.222584286926114
9,Formosa,2016-09-30,7.042381015819012,27.667769360325845
10,Jujuy,2016-09-30,7.666864500253389,29.979547718457923
11,La Pampa,2016-09-30,23.8845833249209,72.48901416341323
12,La Rioja,2016-09-30,10.1712420399208,38.20694507261672
13,Mendoza,2016-09-30,19.77417423327269,70.85471335763904
14,Misiones,2016-09-30,9.173568039960688,33.67720269372798
15,Neuquén,2016-09-30,16.140704314720814,54.21833121080199
16,Río Negro,2016-09-30,20.25336411238106,65.84148222040204
17,Salta,2016-09-30,10.312071477387292,42.57446257446257
18,San Juan,2016-09-30,15.008292095403162,58.91528941864671
19,San Luis,2016-09-30,11.117311161951529,38.84335713821514
20,Santa Cruz,2016-09-30,13.512745992519774,45.4045274591412
21,Santa Fe,2016-09-30,21.57227041634432,68.6019737812399
22,Santiago del Estero,2016-09-30,6.9740345142404765,28.099999142521504
23,Tierra del Fuego,2016-09-30,24.689748172837778,83.26540243693152
24,Tucumán,2016-09-30,13.083533562785462,52.814130570465615
1,Buenos Aires,2016-12-31,28.86000888998347,90.08412085339846
2,Capital Federal,2016-12-31,52.86632024844553,125.25230170249375
3,Catamarca,2016-12-31,9.612348754359926,37.7868339783433
4,Chaco,2016-12-31,8.792840962987153,32.89655884645153
5,Chubut,2016-12-31,21.069818523057148,68.73097300479354
6,Córdoba,2016-12-31,19.44147167622814,63.49709789270407
7,Corrientes,2016-12-31,9.405928684692944,35.71832479479028
8,Entre Ríos,2016-12-31,16.652271410107588,55.692699130394274
9,Formosa,2016-12-31,7.010461416815633,27.542412597244358
10,Jujuy,2016-12-31,7.62229268641976,29.80537593508305
11,La Pampa,2016-12-31,23.99060681581416,72.81080231278494
12,La Rioja,2016-12-31,10.071140596002474,37.831286684428775
13,Mendoza,2016-12-31,19.89234319273992,71.27871072234782
14,Misiones,2016-12-31,9.517662410809836,34.94066966250731
15,Neuquén,2016-12-31,16.09821482200381,54.07618218309634
16,Río Negro,2016-12-31,20.42328398573717,66.39427615108553
17,Salta,2016-12-31,10.249443380773156,42.31633545503134
18,San Juan,2016-12-31,15.194159503190278,59.645408976630655
19,San Luis,2016-12-31,11.081312116998816,38.7179191916284
20,Santa Cruz,2016-12-31,14.1727203713539,47.62399298238538
21,Santa Fe,2016-12-31,21.613991117587418,68.73486894820977
22,Santiago del Estero,2016-12-31,6.842922969493857,27.57188976546298
23,Tierra del Fuego,2016-12-31,24.612040640954355,83.00551921068895
24,Tucumán,2016-12-31,13.043025257332811,52.65108245793483
1,Buenos Aires,2017-03-31,29.03652486238087,91.20286036658274
2,Capital Federal,2017-03-31,52.618074677783554,123.3742130365199
3,Catamarca,2017-03-31,9.680359123422388,38.05348056728375
4,Chaco,2017-03-31,8.864295504419287,33.163322364582605
5,Chubut,2017-03-31,21.359314645326865,69.67235941007644
6,Córdoba,2017-03-31,19.55555159787821,63.868863901582486
7,Corrientes,2017-03-31,9.473530648191662,35.97443602485551
8,Entre Ríos,2017-03-31,16.774747445328995,56.10158854817458
9,Formosa,2017-03-31,7.0585389121281485,27.730854527438304
10,Jujuy,2017-03-31,7.690346923002476,30.07099607709364
11,La Pampa,2017-03-31,24.15325688259461,73.30378811860292
12,La Rioja,2017-03-31,10.17614949806284,38.22526288091166
13,Mendoza,2017-03-31,20.060109059519547,71.87827100468289
14,Misiones,2017-03-31,9.604889330150112,35.26003993770451
15,Neuquén,2017-03-31,16.273332417240024,54.6624588069859
16,Río Negro,2017-03-31,20.63782528763656,67.08997829683115
17,Salta,2017-03-31,10.354854362799628,42.750466326330255
18,San Juan,2017-03-31,15.324483478704618,60.15603995888136
19,San Luis,2017-03-31,11.192598325593782,39.1060356044691
20,Santa Cruz,2017-03-31,14.466949881925578,48.609624567758935
21,Santa Fe,2017-03-31,21.715315598516856,69.05645210790232
22,Santiago del Estero,2017-03-31,6.898045726658481,27.793774084259347
23,Tierra del Fuego,2017-03-31,25.11217700758162,84.68746602891619
24,Tucumán,2017-03-31,13.168161532668163,53.15522881564599
1,Buenos Aires,2017-06-30,29.217269546865914,91.58215312438058
2,Capital Federal,2017-06-30,51.66214259103471,121.27388626218104
3,Catamarca,2017-06-30,9.629011671907744,37.85150420234074
4,Chaco,2017-06-30,8.920368087971148,33.372766406877034
5,Chubut,2017-06-30,20.000624363712674,65.23898691497847
6,Córdoba,2017-06-30,19.51882996142425,63.74839342396024
7,Corrientes,2017-06-30,9.48736215357487,36.02681258983789
8,Entre Ríos,2017-06-30,16.875439923655993,56.43798462546313
9,Formosa,2017-06-30,6.974546662170236,27.40075188475584
10,Jujuy,2017-06-30,7.6624192049056,29.961525789412157
11,La Pampa,2017-06-30,23.686583990980832,71.88703578603827
12,La Rioja,2017-06-30,10.167539267015709,38.19249039363408
13,Mendoza,2017-06-30,19.423709384680468,69.59727832818035
14,Misiones,2017-06-30,9.18842751008694,33.730829829928055
15,Neuquén,2017-06-30,15.75396332629662,52.917081100736894
16,Río Negro,2017-06-30,19.923528049131885,64.7670868057947
17,Salta,2017-06-30,10.30914550833682,42.56123175888247
18,San Juan,2017-06-30,14.368278615972374,56.401913372582015
19,San Luis,2017-06-30,11.026854864294911,38.52640730276027
20,Santa Cruz,2017-06-30,13.46141561748092,45.22867801114007
21,Santa Fe,2017-06-30,21.67033565395639,68.91308899769413
22,Santiago del Estero,2017-06-30,7.044250620148835,28.38264817019959
23,Tierra del Fuego,2017-06-30,24.318647540983605,82.00742852206963
24,Tucumán,2017-06-30,13.043381148558096,52.65098200287513
1,Buenos Aires,2017-09-30,28.33383755317129,88.62800683780968
2,Capital Federal,2017-09-30,52.45462215949656,123.08694309786956
3,Catamarca,2017-09-30,9.678448258676712,38.04635307485845
4,Chaco,2017-09-30,8.880978810463775,33.2260648916315
5,Chubut,2017-09-30,20.41128149526773,66.5816269063549
6,Córdoba,2017-09-30,19.497155275776056,63.67859544833272
7,Corrientes,2017-09-30,9.475297488352645,35.981616778599864
8,Entre Ríos,2017-09-30,16.810803349397936,56.222584286926114
9,Formosa,2017-09-30,7.042381015819012,27.667769360325845
10,Jujuy,2017-09-30,7.666864500253389,29.979547718457923
11,La Pampa,2017-09-30,23.8845833249209,72.48901416341323
12,La Rioja,2017-09-30,10.1712420399208,38.20694507261672
13,Mendoza,2017-09-30,19.77417423327269,70.85471335763904
14,Misiones,2017-09-30,9.173568039960688,33.67720269372798
15,Neuquén,2017-09-30,16.140704314720814,54.21833121080199
16,Río Negro,2017-09-30,20.25336411238106,65.84148222040204
17,Salta,2017-09-30,10.312071477387292,42.57446257446257
18,San Juan,2017-09-30,15.008292095403162,58.91528941864671
19,San Luis,2017-09-30,11.117311161951529,38.84335713821514
20,Santa Cruz,2017-09-30,13.512745992519774,45.4045274591412
21,Santa Fe,2017-09-30,21.57227041634432,68.6019737812399
22,Santiago del Estero,2017-09-30,6.9740345142404765,28.099999142521504
23,Tierra del Fuego,2017-09-30,24.689748172837778,83.26540243693152
24,Tucumán,2017-09-30,13.083533562785462,52.814130570465615
1,Buenos Aires,2017-12-31,28.86000888998347,90.08412085339846
2,Capital Federal,2017-12-31,52.86632024844553,125.25230170249375
3,Catamarca,2017-12-31,9.612348754359926,37.7868339783433
4,Chaco,2017-12-31,8.792840962987153,32.89655884645153
5,Chubut,2017-12-31,21.069818523057148,68.73097300479354
6,Córdoba,2017-12-31,19.44147167622814,63.49709789270407
7,Corrientes,2017-12-31,9.405928684692944,35.71832479479028
8,Entre Ríos,2017-12-31,16.652271410107588,55.692699130394274
9,Formosa,2017-12-31,7.010461416815633,27.542412597244358
10,Jujuy,2017-12-31,7.62229268641976,29.80537593508305
11,La Pampa,2017-12-31,23.99060681581416,72.81080231278494
12,La Rioja,2017-12-31,10.071140596002474,37.831286684428775
13,Mendoza,2017-12-31,19.89234319273992,71.27871072234782
14,Misiones,2017-12-31,9.517662410809836,34.94066966250731
15,Neuquén,2017-12-31,16.09821482200381,54.07618218309634
16,Río Negro,2017-12-31,20.42328398573717,66.39427615108553
17,Salta,2017-12-31,10.249443380773156,42.31633545503134
18,San Juan,2017-12-31,15.194159503190278,59.645408976630655
19,San Luis,2017-12-31,11.081312116998816,38.7179191916284
20,Santa Cruz,2017-12-31,14.1727203713539,47.62399298238538
21,Santa Fe,2017-12-31,21.613991117587418,68.73486894820977
22,Santiago del Estero,2017-12-31,6.842922969493857,27.57188976546298
23,Tierra del Fuego,2017-12-31,24.612040640954355,83.00551921068895
24,Tucumán,2017-12-31,13.043025257332811,52.65108245793483
1,Buenos Aires,2018-03-31,25.89487875228277,79.96676101138354
2,Capital Federal,2018-03-31,56.48246187559206,134.65111162764302
3,Catamarca,2018-03-31,9.430786017615604,37.07335452270773
4,Chaco,2018-03-31,8.418843343055306,31.49781346903077
5,Chubut,2018-03-31,19.159025390608583,62.49958873912901
6,Córdoba,2018-03-31,18.84583901401909,61.55247070923292
7,Corrientes,2018-03-31,9.070221244017048,34.44406005673562
8,Entre Ríos,2018-03-31,15.903699568846964,53.18965283378094
9,Formosa,2018-03-31,6.759623924191638,26.557420465455028
10,Jujuy,2018-03-31,7.230786233490588,28.27493921075514
11,La Pampa,2018-03-31,21.422675835059994,65.0182264222656
12,La Rioja,2018-03-31,9.431291546962486,35.42803127277024
13,Mendoza,2018-03-31,18.556379379672624,66.49287971618489
14,Misiones,2018-03-31,8.417462094230183,30.9023419287738
15,Neuquén,2018-03-31,15.099863783283398,50.724206659779405
16,Río Negro,2018-03-31,19.28481102556571,62.694851045706216
17,Salta,2018-03-31,9.695113526791948,40.02855129078115
18,San Juan,2018-03-31,15.124185804073049,59.37150485261753
19,San Luis,2018-03-31,8.982277393443487,31.384390996820997
20,Santa Cruz,2018-03-31,12.829100111441308,43.11098108055393
21,Santa Fe,2018-03-31,19.8439102894563,63.10637908137565
22,Santiago del Estero,2018-03-31,5.984033779771723,24.11134740999544
23,Tierra del Fuego,2018-03-31,20.40651599647784,68.82527635703678
24,Tucumán,2018-03-31,13.03450071589456,52.61758746321755
1,Buenos Aires,2018-06-30,26.062076406073277,80.30771873995684
2,Capital Federal,2018-06-30,56.812421622442734,135.6074039895767
3,Catamarca,2018-06-30,9.356319358967443,36.78046805721556
4,Chaco,2018-06-30,8.30640696391796,31.076923076923077
5,Chubut,2018-06-30,19.582066271583283,63.87816715710628
6,Córdoba,2018-06-30,18.57772897088857,60.676300896043664
7,Corrientes,2018-06-30,8.99813585957233,34.17008939357333
8,Entre Ríos,2018-06-30,15.718368502940711,52.56955310836212
9,Formosa,2018-06-30,6.6825851907280205,26.25455842714444
10,Jujuy,2018-06-30,7.122154198714502,27.849915113882385
11,La Pampa,2018-06-30,21.499427753527904,65.25081882434063
12,La Rioja,2018-06-30,9.187829326339052,34.51321354621552
13,Mendoza,2018-06-30,18.50807992014558,66.31923490189729
14,Misiones,2018-06-30,8.774027437200532,32.21109720483938
15,Neuquén,2018-06-30,15.037342599973686,50.5134644682588
16,Río Negro,2018-06-30,19.20820791929521,62.44504217901058
17,Salta,2018-06-30,9.512397522442145,39.273690633883525
18,San Juan,2018-06-30,15.08226427742819,59.20641447368421
19,San Luis,2018-06-30,8.953029216614992,31.2818015652898
20,Santa Cruz,2018-06-30,12.760387384348356,42.87818016237478
21,Santa Fe,2018-06-30,19.69838416598787,62.64327577318646
22,Santiago del Estero,2018-06-30,5.766384551671122,23.234125648104506
23,Tierra del Fuego,2018-06-30,20.275590551181104,68.37964101303172
24,Tucumán,2018-06-30,12.966633750592974,52.3430000659484
1,Buenos Aires,2018-09-30,26.081855850393552,80.19097219433284
2,Capital Federal,2018-09-30,57.85935248950128,138.27704878582537
3,Catamarca,2018-09-30,9.266226967149748,36.42719753798808
4,Chaco,2018-09-30,7.748752642706131,28.99128954587305
5,Chubut,2018-09-30,19.493421984486048,63.59183717845571
6,Córdoba,2018-09-30,18.28161446545789,59.71019905671315
7,Corrientes,2018-09-30,8.597545216709213,32.64963858077091
8,Entre Ríos,2018-09-30,14.692631116975798,49.13980368525823
9,Formosa,2018-09-30,6.611810147672989,25.977150918643822
10,Jujuy,2018-09-30,7.024609567386365,27.46913100877534
11,La Pampa,2018-09-30,21.45401476401661,65.11395888879332
12,La Rioja,2018-09-30,8.996279430640932,33.79431757054135
13,Mendoza,2018-09-30,18.459130012633523,66.14557719268628
14,Misiones,2018-09-30,8.408786110699685,30.87112714349812
15,Neuquén,2018-09-30,14.984334433239695,50.337625994351306
16,Río Negro,2018-09-30,19.13842630199736,62.21993613809136
17,Salta,2018-09-30,9.312481630077734,38.44946473925325
18,San Juan,2018-09-30,15.04075125413584,59.04466075153901
19,San Luis,2018-09-30,8.92003277691764,31.16734200011256
20,Santa Cruz,2018-09-30,12.660483182565557,42.54553155442609
21,Santa Fe,2018-09-30,19.29432026606129,61.359087616743565
22,Santiago del Estero,2018-09-30,5.590737629007206,22.526727586395054
23,Tierra del Fuego,2018-09-30,20.145969538366806,67.94803925560939
24,Tucumán,2018-09-30,12.893724061384038,52.050007670635104
1,Buenos Aires,2018-12-31,26.397592049148084,80.98072310088888
2,Capital Federal,2018-12-31,57.1183736282065,136.67359116366626
3,Catamarca,2018-12-31,9.02407232927002,35.47542053294694
4,Chaco,2018-12-31,8.076859814345422,30.21898777720621
5,Chubut,2018-12-31,19.49918034418907,63.61166141621469
6,Córdoba,2018-12-31,18.13596725347878,59.23480683467336
7,Corrientes,2018-12-31,8.769250396068898,33.301836873535414
8,Entre Ríos,2018-12-31,15.185885364346444,50.78973660753642
9,Formosa,2018-12-31,6.4804923868236965,25.461303160872284
10,Jujuy,2018-12-31,6.922145664483473,27.068662880743418
11,La Pampa,2018-12-31,21.62049054704422,65.61907295680606
12,La Rioja,2018-12-31,8.78733071595571,33.00970873786408
13,Mendoza,2018-12-31,18.42252439204397,66.01480998850634
14,Misiones,2018-12-31,8.413129990065265,30.887246114872376
15,Neuquén,2018-12-31,16.784027453199183,56.38390182426709
16,Río Negro,2018-12-31,19.072617475871315,62.00668480649127
17,Salta,2018-12-31,9.046641462293008,37.35219831894997
18,San Juan,2018-12-31,15.008027667783466,58.91641278344613
19,San Luis,2018-12-31,10.40169862969712,36.34489432422198
20,Santa Cruz,2018-12-31,12.601425867687446,42.34845151787593
21,Santa Fe,2018-12-31,19.971463040228297,63.51272610736618
22,Santiago del Estero,2018-12-31,7.706230609221127,31.050954747361416
23,Tierra del Fuego,2018-12-31,20.01799532121648,67.5177534545896
24,Tucumán,2018-12-31,12.64996370621216,51.06638148902544
1,Buenos Aires,2019-03-31,20.5817357774551,62.998026234004975
2,Capital Federal,2019-03-31,52.098804555996445,124.81552210691665
3,Catamarca,2019-03-31,8.811008280565026,34.63766312100874
4,Chaco,2019-03-31,7.883659681993731,29.4961608554174
5,Chubut,2019-03-31,14.665633534287496,47.84305271100571
6,Córdoba,2019-03-31,17.690847421805543,57.7809240045362
7,Corrientes,2019-03-31,8.580589886613364,32.585297158018946
8,Entre Ríos,2019-03-31,14.882674384279742,49.77558538374991
9,Formosa,2019-03-31,6.315316384001443,24.812262045424703
10,Jujuy,2019-03-31,6.822627996682421,26.679433916611323
11,La Pampa,2019-03-31,18.59077275561713,56.42411215113341
12,La Rioja,2019-03-31,8.490575797074463,31.894843197450744
13,Mendoza,2019-03-31,12.276894644452662,43.99268388849136
14,Misiones,2019-03-31,8.181941773430413,30.038493796174347
15,Neuquén,2019-03-31,12.798289904151886,42.99421911757892
16,Río Negro,2019-03-31,13.659145311706885,44.40693713223908
17,Salta,2019-03-31,8.775160345774246,36.2311919249092
18,San Juan,2019-03-31,11.155450399443168,43.79243897962929
19,San Luis,2019-03-31,8.583728764733655,29.99259062504369
20,Santa Cruz,2019-03-31,9.662951850668357,32.47329608089102
21,Santa Fe,2019-03-31,19.57700029183256,62.2582307830038
22,Santiago del Estero,2019-03-31,7.553297766944814,30.434601058943397
23,Tierra del Fuego,2019-03-31,15.00923883888657,50.62321579349444
24,Tucumán,2019-03-31,12.393899550146685,50.0325538954548
1,Buenos Aires,2019-06-30,16.33133619483898,49.87598802657578
2,Capital Federal,2019-06-30,37.11489121485616,89.02689102403917
3,Catamarca,2019-06-30,8.524049980802783,33.50942386870588
4,Chaco,2019-06-30,7.691313557188462,28.77623299800309
5,Chubut,2019-06-30,14.167737350440143,46.21787406687883
6,Córdoba,2019-06-30,17.328344355618462,56.59646965838236
7,Corrientes,2019-06-30,8.41616218752843,31.96067767390791
8,Entre Ríos,2019-06-30,14.591885591105097,48.8027805130105
9,Formosa,2019-06-30,6.132503284406239,24.093931156453674
10,Jujuy,2019-06-30,6.727204461435053,26.306116686773272
11,La Pampa,2019-06-30,18.18632309217047,55.19598711364433
12,La Rioja,2019-06-30,8.136489705018096,30.56440446566032
13,Mendoza,2019-06-30,11.818013695359042,42.34798281386542
14,Misiones,2019-06-30,7.973486976199265,29.27283386508996
15,Neuquén,2019-06-30,12.48428849604826,41.9387111172677
16,Río Negro,2019-06-30,13.137245593451382,42.70954598370198
17,Salta,2019-06-30,8.520368946963874,35.17879128919553
18,San Juan,2019-06-30,10.888852915466051,42.74558848201077
19,San Luis,2019-06-30,6.676983023875853,23.32984949832776
20,Santa Cruz,2019-06-30,9.266856237285468,31.14052895464889
21,Santa Fe,2019-06-30,19.141995880590155,60.87454895499026
22,Santiago del Estero,2019-06-30,7.387404893790098,29.7659406105535
23,Tierra del Fuego,2019-06-30,14.362376354913224,48.43980982060809
24,Tucumán,2019-06-30,12.045350210647628,48.62505972230936
1,Buenos Aires,2019-09-30,19.627575574280385,59.80634268088013
2,Capital Federal,2019-09-30,48.733333506908735,117.03682050424294
3,Catamarca,2019-09-30,7.922875861366645,31.146697169002003
4,Chaco,2019-09-30,7.38897576100532,27.64583365958313
5,Chubut,2019-09-30,13.74533123648516,44.84175760749901
6,Córdoba,2019-09-30,16.42310895127907,53.64084218345416
7,Corrientes,2019-09-30,8.192674064440983,31.11279488859764
8,Entre Ríos,2019-09-30,14.123536318921612,47.23718414800512
9,Formosa,2019-09-30,5.983801842091252,23.510262779448293
10,Jujuy,2019-09-30,6.560607032560186,25.655294575389597
11,La Pampa,2019-09-30,17.917920449085898,54.38265867364777
12,La Rioja,2019-09-30,7.590868452692913,28.515591070963257
13,Mendoza,2019-09-30,11.435636916450244,40.97883761217663
14,Misiones,2019-09-30,7.671139264005941,28.1637797311272
15,Neuquén,2019-09-30,12.231191593586502,41.090075992349625
16,Río Negro,2019-09-30,12.736665350732506,41.40857823529929
17,Salta,2019-09-30,8.06688361487649,33.30755598517802
18,San Juan,2019-09-30,10.650344971883047,41.81006946204938
19,San Luis,2019-09-30,7.807098627386668,27.279294297423075
20,Santa Cruz,2019-09-30,8.94110091999274,30.047948354648923
21,Santa Fe,2019-09-30,18.44129091455529,58.64700920300926
22,Santiago del Estero,2019-09-30,7.15182643694277,28.817171247216777
23,Tierra del Fuego,2019-09-30,14.799489084177504,49.91760805257202
24,Tucumán,2019-09-30,11.46015908593823,46.26394195144015
1,Buenos Aires,2019-12-31,19.21394122591011,58.41163694269847
2,Capital Federal,2019-12-31,48.11627389430285,115.69307290863988
3,Catamarca,2019-12-31,7.527399414511407,29.592254063668094
4,Chaco,2019-12-31,7.258607948496349,27.158210447388157
5,Chubut,2019-12-31,13.341468109610672,43.52504776451429
6,Córdoba,2019-12-31,15.96141473938765,52.13317431401073
7,Corrientes,2019-12-31,8.068143705486614,30.639948507150084
8,Entre Ríos,2019-12-31,13.892270038692606,46.4638892123753
9,Formosa,2019-12-31,5.864050460155039,23.03989040738445
10,Jujuy,2019-12-31,6.457281544525345,25.25144228314698
11,La Pampa,2019-12-31,19.999158898156587,60.69930307955445
12,La Rioja,2019-12-31,7.259109415409827,27.269404284381345
13,Mendoza,2019-12-31,11.05205856664564,39.60453604438239
14,Misiones,2019-12-31,7.481285415271867,27.466886980672715
15,Neuquén,2019-12-31,11.981045904355556,40.250075185670376
16,Río Negro,2019-12-31,12.278734675670686,39.92017104951848
17,Salta,2019-12-31,7.841055837103944,32.375365370071336
18,San Juan,2019-12-31,10.37211261401093,40.71804207119742
19,San Luis,2019-12-31,7.489343825363578,26.169143205328822
20,Santa Cruz,2019-12-31,8.437147978180889,28.355495048581712
21,Santa Fe,2019-12-31,18.25282844149536,58.04783924827394
22,Santiago del Estero,2019-12-31,7.03409952111978,28.343008199811887
23,Tierra del Fuego,2019-12-31,14.20448895310407,47.91152852041118
24,Tucumán,2019-12-31,11.13454191102634,44.9497469356425
1,Buenos Aires,2020-03-31,18.65269924685116,56.574974813988845
2,Capital Federal,2020-03-31,47.3645794631742,114.02182855546955
3,Catamarca,2020-03-31,7.180258453575644,28.227467281648305
4,Chaco,2020-03-31,7.000114945783905,26.191032701003813
5,Chubut,2020-03-31,12.783557406769638,41.70460387197982
6,Córdoba,2020-03-31,15.317881904420366,50.03120005159338
7,Corrientes,2020-03-31,7.842953028541874,29.78472517203296
8,Entre Ríos,2020-03-31,13.521807066643218,45.224810892586994
9,Formosa,2020-03-31,5.726565684347962,22.499690777353184
10,Jujuy,2020-03-31,6.24750184554212,24.43103711623644
11,La Pampa,2020-03-31,19.789550844090805,60.06334703304916
12,La Rioja,2020-03-31,6.911152173469179,25.96235894190852
13,Mendoza,2020-03-31,10.623613283839656,38.069163119747365
14,Misiones,2020-03-31,7.228106473560657,26.537337852050957
15,Neuquén,2020-03-31,11.719058385825878,39.36987470658171
16,Río Negro,2020-03-31,11.856098717537114,38.54602944451966
17,Salta,2020-03-31,7.579069962543859,31.29359026605345
18,San Juan,2020-03-31,10.084566894944611,39.58929048721323
19,San Luis,2020-03-31,7.17752593245216,25.0795513373598
20,Santa Cruz,2020-03-31,8.095268293624425,27.206345676266725
21,Santa Fe,2020-03-31,17.70646576603854,56.3102603264133
22,Santiago del Estero,2020-03-31,6.896258171979265,27.78755868544601
23,Tierra del Fuego,2020-03-31,13.690586922146778,46.17828150123534
24,Tucumán,2020-03-31,10.80724985752184,43.62843223774368
1,Buenos Aires,2020-06-30,14.190172118945682,42.94053820586613
2,Capital Federal,2020-06-30,30.885152722702657,74.43942690849109
3,Catamarca,2020-06-30,8.2023524764114,32.24536392039104
4,Chaco,2020-06-30,6.957767332725686,26.032362131062825
5,Chubut,2020-06-30,12.414845204719327,40.50104167995964
6,Córdoba,2020-06-30,14.831151521022951,48.44108458612529
7,Corrientes,2020-06-30,7.785880039893249,29.56788438337985
8,Entre Ríos,2020-06-30,13.24042189236358,44.28341515208954
9,Formosa,2020-06-30,5.813528578207908,22.841277421234267
10,Jujuy,2020-06-30,7.221966869996287,28.241462557791596
11,La Pampa,2020-06-30,19.71114920514381,59.8250423741779
12,La Rioja,2020-06-30,7.506194321066798,28.197238189784173
13,Mendoza,2020-06-30,10.251015517121736,36.73372677529683
14,Misiones,2020-06-30,7.007117502676305,25.72576006794892
15,Neuquén,2020-06-30,11.46690103475723,38.52234244087487
16,Río Negro,2020-06-30,11.800662547836543,38.36533570710194
17,Salta,2020-06-30,7.383445087647663,30.48552101659854
18,San Juan,2020-06-30,9.887613673925912,38.81576934242769
19,San Luis,2020-06-30,6.9645392584890535,24.33510329312715
20,Santa Cruz,2020-06-30,7.71597834188259,25.93035761961652
21,Santa Fe,2020-06-30,17.32629381437027,55.1010043191454
22,Santiago del Estero,2020-06-30,6.8433183730801375,27.574043895746204
23,Tierra del Fuego,2020-06-30,13.193473462831786,44.49944308419868
24,Tucumán,2020-06-30,10.799078787964705,43.59501415030455
1,Buenos Aires,2020-09-30,18.403347564353957,55.55981118184207
2,Capital Federal,2020-09-30,46.58379630851473,112.4079350350575
3,Catamarca,2020-09-30,8.075379179386102,31.74682995346353
4,Chaco,2020-09-30,6.841487552341831,25.59797198193045
5,Chubut,2020-09-30,11.753011155291192,38.343499350309685
6,Córdoba,2020-09-30,14.585065459845522,47.63819337649377
7,Corrientes,2020-09-30,7.693328866666429,29.21715152171616
8,Entre Ríos,2020-09-30,13.061765321731672,43.68669703724544
9,Formosa,2020-09-30,5.753163794540237,22.60469860058114
10,Jujuy,2020-09-30,5.999326660364898,23.46092789394149
11,La Pampa,2020-09-30,19.65218069664161,59.646949542123416
12,La Rioja,2020-09-30,7.455677715120289,28.008204595661837
13,Mendoza,2020-09-30,9.850316029361604,35.29874997883245
14,Misiones,2020-09-30,7.03431607254643,25.826362226487493
15,Neuquén,2020-09-30,11.192461821628738,37.60180165679598
16,Río Negro,2020-09-30,11.377578805740646,36.99098145345335
17,Salta,2020-09-30,7.227415683419871,29.842190600777634
18,San Juan,2020-09-30,9.563522238582284,37.54425204129034
19,San Luis,2020-09-30,6.760530218898103,23.622838924062776
20,Santa Cruz,2020-09-30,7.428759722010414,24.96681952832151
21,Santa Fe,2020-09-30,17.633282971382204,56.07809008814735
22,Santiago del Estero,2020-09-30,6.769405318068794,27.276710471058784
23,Tierra del Fuego,2020-09-30,12.3880948415957,41.78557545042303
24,Tucumán,2020-09-30,10.716797369120506,43.26393917266619
1,Buenos Aires,2020-12-31,18.35441625621596,55.281634323698505
2,Capital Federal,2020-12-31,46.27538410289326,111.79331510399196
3,Catamarca,2020-12-31,8.041149578574204,31.61236304294223
4,Chaco,2020-12-31,6.706774079123943,25.094063188095404
5,Chubut,2020-12-31,11.716051145708148,38.223463803791056
6,Córdoba,2020-12-31,14.170364161903288,46.283927071275
7,Corrientes,2020-12-31,7.585482148747251,28.80766721240462
8,Entre Ríos,2020-12-31,12.865819909573815,43.031507305983546
9,Formosa,2020-12-31,5.6088233937852845,22.037662653216
10,Jujuy,2020-12-31,5.899900820298779,23.072230058276087
11,La Pampa,2020-12-31,19.63721695804973,59.60182613184569
12,La Rioja,2020-12-31,7.406808319200936,27.82484420272457
13,Mendoza,2020-12-31,9.825875251790931,35.211345153176495
14,Misiones,2020-12-31,6.768892235371372,24.852024042061537
15,Neuquén,2020-12-31,11.16695303336484,37.51641155366578
16,Río Negro,2020-12-31,11.245249779121382,36.56102596244342
17,Salta,2020-12-31,7.097023385044775,29.30403191893739
18,San Juan,2020-12-31,9.537458071225393,37.44214586826512
19,San Luis,2020-12-31,6.73869007427414,23.54668604931599
20,Santa Cruz,2020-12-31,7.372412523817773,24.778181707914666
21,Santa Fe,2020-12-31,16.697616679858477,53.102605224601085
22,Santiago del Estero,2020-12-31,6.752296043263227,27.207914547933772
23,Tierra del Fuego,2020-12-31,12.312723661455747,41.53255717169124
24,Tucumán,2020-12-31,10.648950419837936,42.99034839088942
1,Buenos Aires,2021-03-31,18.32380972745036,55.57742930969268
2,Capital Federal,2021-03-31,45.39450237280909,109.27921720359808
3,Catamarca,2021-03-31,6.420865852065651,25.2420970541498
4,Chaco,2021-03-31,6.316480029499985,23.63320263869545
5,Chubut,2021-03-31,11.869935604608395,38.724037967237095
6,Córdoba,2021-03-31,13.975020748620468,45.64515271511727
7,Corrientes,2021-03-31,7.055639068609243,26.79478887694615
8,Entre Ríos,2021-03-31,12.190943999334964,40.77362842516211
9,Formosa,2021-03-31,5.180208689358944,20.353052788916926
10,Jujuy,2021-03-31,5.592386152698222,21.86918820398384
11,La Pampa,2021-03-31,19.906777906475742,60.41914337148874
12,La Rioja,2021-03-31,6.190132946650223,23.25378597160817
13,Mendoza,2021-03-31,9.897156034795715,35.46594152512799
14,Misiones,2021-03-31,6.53133599447246,23.979208184684524
15,Neuquén,2021-03-31,11.252842088909173,37.80363306911558
16,Río Negro,2021-03-31,11.104997336358094,36.10408149481837
17,Salta,2021-03-31,6.782975864610006,28.00655865965781
18,San Juan,2021-03-31,9.613751658772642,37.74099681780817
19,San Luis,2021-03-31,6.801601678324993,23.766005176876615
20,Santa Cruz,2021-03-31,7.42525800910442,24.95459431409615
21,Santa Fe,2021-03-31,16.162946498432127,51.40154658725147
22,Santiago del Estero,2021-03-31,6.375207363009629,25.688053479684925
23,Tierra del Fuego,2021-03-31,12.541275230211143,42.301658888583866
24,Tucumán,2021-03-31,9.66749685057635,39.02729527072177
1,Buenos Aires,2021-06-30,13.65115467426596,41.309430493931096
2,Capital Federal,2021-06-30,27.66570905052929,66.67992045332008
3,Catamarca,2021-06-30,6.444619487060899,25.335304875808102
4,Chaco,2021-06-30,6.297385976617448,23.56155708905557
5,Chubut,2021-06-30,11.822421817746491,38.5683744664491
6,Córdoba,2021-06-30,13.313881287337576,43.485419773060656
7,Corrientes,2021-06-30,7.188463458123249,27.29911780490949
8,Entre Ríos,2021-06-30,12.168938907634686,40.69977361657957
9,Formosa,2021-06-30,5.309377475077674,20.86047435922047
10,Jujuy,2021-06-30,4.774350864345644,18.67007334710285
11,La Pampa,2021-06-30,19.908257905287314,60.423284324237656
12,La Rioja,2021-06-30,5.688345518465946,21.36843607150045
13,Mendoza,2021-06-30,9.85808405937318,35.32568707559621
14,Misiones,2021-06-30,6.446859180737271,23.66884134769479
15,Neuquén,2021-06-30,11.20157866808172,37.631008414766406
16,Río Negro,2021-06-30,11.25795713524385,36.60093686425924
17,Salta,2021-06-30,6.762746562860837,27.92271765072573
18,San Juan,2021-06-30,9.58807054765913,37.63985397187252
19,San Luis,2021-06-30,6.780412011792021,23.691736172755213
20,Santa Cruz,2021-06-30,7.39017493094831,24.83546095390665
21,Santa Fe,2021-06-30,15.709664266556278,49.95980605418946
22,Santiago del Estero,2021-06-30,6.020692004636417,24.259404073858757
23,Tierra del Fuego,2021-06-30,12.464322444215902,42.040135128330114
24,Tucumán,2021-06-30,8.267104236476712,33.373636145048465
1,Buenos Aires,2021-09-30,18.011719019692226,54.37748237352403
2,Capital Federal,2021-09-30,44.45402704264838,107.26874535434423
3,Catamarca,2021-09-30,5.932985601999856,23.3244137320318
4,Chaco,2021-09-30,6.1144209824847575,22.87759435326269
5,Chubut,2021-09-30,11.774922183627307,38.41498277610327
6,Córdoba,2021-09-30,12.849717740907815,41.9701468094208
7,Corrientes,2021-09-30,6.95419052947822,26.410106981256437
8,Entre Ríos,2021-09-30,11.81676780353488,39.52264814723101
9,Formosa,2021-09-30,5.028242714072842,19.756418398872995
10,Jujuy,2021-09-30,4.5528118404185065,17.80419642897807
11,La Pampa,2021-09-30,19.984286279470197,60.654933604931216
12,La Rioja,2021-09-30,5.48044545417664,20.587992590485477
13,Mendoza,2021-09-30,9.832490334437493,35.23487134321816
14,Misiones,2021-09-30,6.2416457406236425,22.91608766570604
15,Neuquén,2021-09-30,11.15066615774399,37.46138641227208
16,Río Negro,2021-09-30,11.175358790363916,36.33352023380058
17,Salta,2021-09-30,6.572976517677424,27.139993968376547
18,San Juan,2021-09-30,9.562660683162196,37.54086976716241
19,San Luis,2021-09-30,6.759460122699386,23.61909976318086
20,Santa Cruz,2021-09-30,7.342160301518485,24.67577335324155
21,Santa Fe,2021-09-30,15.245051205720106,48.48293742579112
22,Santiago del Estero,2021-09-30,5.8548850574712645,23.59173325427832
23,Tierra del Fuego,2021-09-30,12.3880948415957,41.78557545042303
24,Tucumán,2021-09-30,7.836575751739881,31.636423174537363
1,Buenos Aires,2021-12-31,18.81385509696746,56.66541736718956
2,Capital Federal,2021-12-31,46.76986013015638,112.98788356406747
3,Catamarca,2021-12-31,7.108061971665597,27.944093488665985
4,Chaco,2021-12-31,7.5101531160608594,28.0999858685146
5,Chubut,2021-12-31,10.944334546528122,35.70574848071071
6,Córdoba,2021-12-31,15.45772373360228,50.48876301269805
7,Corrientes,2021-12-31,8.710374618315102,33.079713112400896
8,Entre Ríos,2021-12-31,14.917862540125718,49.89484660883477
9,Formosa,2021-12-31,5.996443993239428,23.56066514562337
10,Jujuy,2021-12-31,5.715532735069455,22.351237789528184
11,La Pampa,2021-12-31,19.94945489051633,60.54951393314649
12,La Rioja,2021-12-31,6.764632743890152,25.412410322466503
13,Mendoza,2021-12-31,10.232837668915316,36.66970827773641
14,Misiones,2021-12-31,7.783856183767354,28.57846960660357
15,Neuquén,2021-12-31,10.87781070631918,36.54501116301142
16,Río Negro,2021-12-31,11.481332519930884,37.32858803403445
17,Salta,2021-12-31,8.401832715866032,34.69166729845252
18,San Juan,2021-12-31,8.491638489785496,33.33646812606882
19,San Luis,2021-12-31,6.462495500873258,22.58159241290983
20,Santa Cruz,2021-12-31,7.508107576894181,25.234243637592368
21,Santa Fe,2021-12-31,18.48533659013116,58.78800251617277
22,Santiago del Estero,2021-12-31,6.7839303339219255,27.33538275600873
23,Tierra del Fuego,2021-12-31,10.808383808954517,36.45820622810204
24,Tucumán,2021-12-31,9.73044835246396,39.28230935254442
1,Buenos Aires,2022-03-31,17.513443305133116,53.11952982147571
2,Capital Federal,2022-03-31,46.58793406986904,112.1521924500189
3,Catamarca,2022-03-31,7.27990812249949,28.619216100630464
4,Chaco,2022-03-31,7.065063255392729,26.434037753637146
5,Chubut,2022-03-31,9.928566268343682,32.39058659983813
6,Córdoba,2022-03-31,15.441041628408836,50.43346381283755
7,Corrientes,2022-03-31,7.95787712005037,30.221165689879907
8,Entre Ríos,2022-03-31,13.722922638855543,45.89745868855314
9,Formosa,2022-03-31,5.604281069739117,22.01923422325359
10,Jujuy,2022-03-31,6.338313139464933,24.78615731423763
11,La Pampa,2022-03-31,19.198510160382583,58.269477026807046
12,La Rioja,2022-03-31,7.015547346297262,26.354528710528257
13,Mendoza,2022-03-31,8.249692839936367,29.56234324616156
14,Misiones,2022-03-31,7.267998187330889,26.68379666386982
15,Neuquén,2022-03-31,9.958102699431482,33.453989449021904
16,Río Negro,2022-03-31,9.587091542106872,31.169132585134456
17,Salta,2022-03-31,7.688221485248035,31.74427129226129
18,San Juan,2022-03-31,8.06315380815162,31.653767750206125
19,San Luis,2022-03-31,5.940315626572804,20.75651862756209
20,Santa Cruz,2022-03-31,6.552756566874916,22.02231647235592
21,Santa Fe,2022-03-31,17.821076678279717,56.67474697156452
22,Santiago del Estero,2022-03-31,6.92358283227678,27.89765978413488
23,Tierra del Fuego,2022-03-31,10.444118863789113,35.22796090971308
24,Tucumán,2022-03-31,10.956951483692787,44.232771670937545
1,Buenos Aires,2022-06-30,12.98357515874278,39.28928419468335
2,Capital Federal,2022-06-30,32.83802404589871,79.14623938340183
3,Catamarca,2022-06-30,6.534830827470239,25.68994673125275
4,Chaco,2022-06-30,5.658461586130943,21.17103290045821
5,Chubut,2022-06-30,9.498000769562688,30.98539842430874
6,Córdoba,2022-06-30,12.928294935573351,42.22602861556422
7,Corrientes,2022-06-30,8.10575144908121,30.782637345916918
8,Entre Ríos,2022-06-30,11.676470713681503,39.05268308885202
9,Formosa,2022-06-30,5.802780850525564,22.79904974034516
10,Jujuy,2022-06-30,4.866114588289491,19.028914895475253
11,La Pampa,2022-06-30,19.024624537822167,57.74138064111578
12,La Rioja,2022-06-30,6.69414481552157,25.14675050583344
13,Mendoza,2022-06-30,6.930361194533681,24.83441705350184
14,Misiones,2022-06-30,6.0777711559017975,22.313780587368733
15,Neuquén,2022-06-30,10.68140325193418,35.88351138401487
16,Río Negro,2022-06-30,8.783000656541253,28.55456355420302
17,Salta,2022-06-30,6.315849893429909,26.07752510897081
18,San Juan,2022-06-30,7.761606725056906,30.46971153018594
19,San Luis,2022-06-30,4.996572190039368,17.458742903626586
20,Santa Cruz,2022-06-30,6.342201489584312,21.3136358649318
21,Santa Fe,2022-06-30,14.45198940241021,45.96015391485445
22,Santiago del Estero,2022-06-30,6.427244312209501,25.897540802822817
23,Tierra del Fuego,2022-06-30,11.048295799565388,37.26410724932988
24,Tucumán,2022-06-30,9.970046966718336,40.2482792400484
1,Buenos Aires,2022-09-30,17.739892500269217,53.55683656218194
2,Capital Federal,2022-09-30,50.97151617469915,122.9956193535195
3,Catamarca,2022-09-30,6.1643392669363095,24.233937024584677
4,Chaco,2022-09-30,5.433210055767578,20.328789275056803
5,Chubut,2022-09-30,9.456678509948109,30.85185077349644
6,Córdoba,2022-09-30,12.927360243483484,42.22374516056416
7,Corrientes,2022-09-30,8.016525889180048,30.44456510844869
8,Entre Ríos,2022-09-30,11.325273113339083,37.87878308786766
9,Formosa,2022-09-30,5.817520548781594,22.85756208309108
10,Jujuy,2022-09-30,4.662584849054896,18.233474043970062
11,La Pampa,2022-09-30,18.447467604961712,55.99048708121972
12,La Rioja,2022-09-30,6.45229450300002,24.23886753916281
13,Mendoza,2022-09-30,6.944863331163062,24.88701820664064
14,Misiones,2022-09-30,6.062550996100752,22.25854460150392
15,Neuquén,2022-09-30,10.981743514178008,36.893879831509366
16,Río Negro,2022-09-30,8.690879479959795,28.255938029203868
17,Salta,2022-09-30,6.149671813162931,25.392157642411966
18,San Juan,2022-09-30,7.741931730107063,30.39309460576853
19,San Luis,2022-09-30,4.981132475433975,17.40521620592262
20,Santa Cruz,2022-09-30,6.2083298305452415,20.86515868756222
21,Santa Fe,2022-09-30,14.055260142218742,44.69911506251442
22,Santiago del Estero,2022-09-30,6.390204928175443,25.74875657265278
23,Tierra del Fuego,2022-09-30,10.980728139501318,37.03846717681517
24,Tucumán,2022-09-30,9.644720876417995,38.93594354382534
1,Buenos Aires,2022-12-31,17.763738794105226,53.50257390533205
2,Capital Federal,2022-12-31,50.80126734907988,122.72706534018252
3,Catamarca,2022-12-31,6.016207477593805,23.651659885809703
4,Chaco,2022-12-31,5.348296317660513,20.011183343984328
5,Chubut,2022-12-31,8.704445533425885,28.398139837487445
6,Córdoba,2022-12-31,13.110912114908754,42.82349368238305
7,Corrientes,2022-12-31,7.91394233293118,30.055072649916383
8,Entre Ríos,2022-12-31,11.511792878658362,38.50277734684737
9,Formosa,2022-12-31,5.794757610292423,22.76821793217424
10,Jujuy,2022-12-31,4.604532782770987,18.006546704896376
11,La Pampa,2022-12-31,18.447988517767712,55.99234384725548
12,La Rioja,2022-12-31,6.466605099168015,24.29282244802384
13,Mendoza,2022-12-31,8.152267040967597,29.213915422756347
14,Misiones,2022-12-31,6.025720559241422,22.123465258683687
15,Neuquén,2022-12-31,10.29022850613441,34.5709744156662
16,Río Negro,2022-12-31,8.962687644949618,29.13986457541157
17,Salta,2022-12-31,6.032046271043781,24.906678035704267
18,San Juan,2022-12-31,6.72931890388984,26.4179551943388
19,San Luis,2022-12-31,5.42245877214773,18.947441255765916
20,Santa Cruz,2022-12-31,6.221218615120081,20.909096553143016
21,Santa Fe,2022-12-31,13.825796254686264,43.96949663564775
22,Santiago del Estero,2022-12-31,6.606865477661677,26.621912042090983
23,Tierra del Fuego,2022-12-31,8.465922532924624,28.55675326414575
24,Tucumán,2022-12-31,9.561404043186943,38.5998689745915
1,Buenos Aires,2023-03-31,16.802803348661904,50.96410785776394
2,Capital Federal,2023-03-31,47.20019636726366,113.62610539289189
3,Catamarca,2023-03-31,6.790965601377776,26.69705562314836
4,Chaco,2023-03-31,6.656343331797999,24.904806167108884
5,Chubut,2023-03-31,9.326524588312502,30.426508137075835
6,Córdoba,2023-03-31,15.26906597116724,49.87175766017583
7,Corrientes,2023-03-31,7.448195237965061,28.28557654025348
8,Entre Ríos,2023-03-31,12.859193477793992,43.008644510174335
9,Formosa,2023-03-31,5.448266118502137,21.406251092881
10,Jujuy,2023-03-31,5.916488639811635,23.136600377344347
11,La Pampa,2023-03-31,18.99836340209596,57.66201077882504
12,La Rioja,2023-03-31,6.544378891236984,24.584542426716045
13,Mendoza,2023-03-31,8.679621388799326,31.1029697372818
14,Misiones,2023-03-31,6.797166760325202,24.95518174992014
15,Neuquén,2023-03-31,9.452728423111438,31.75619758865245
16,Río Negro,2023-03-31,9.067110060362907,29.47859154094928
17,Salta,2023-03-31,7.172243115681234,29.61382312867813
18,San Juan,2023-03-31,7.686780087048518,30.176226004315826
19,San Luis,2023-03-31,5.727677281108013,20.01352245428968
20,Santa Cruz,2023-03-31,6.147679821451372,20.660946155563632
21,Santa Fe,2023-03-31,16.980457836332974,54.00140343419413
22,Santiago del Estero,2023-03-31,6.610946460563241,26.637932942484245
23,Tierra del Fuego,2023-03-31,9.768289865697,32.94839306517383
24,Tucumán,2023-03-31,10.228097779459526,41.29041863333868
1,Buenos Aires,2023-06-30,13.35176329903575,40.403449461508295
2,Capital Federal,2023-06-30,36.05871861530983,86.90876075238387
3,Catamarca,2023-06-30,5.0829003437419455,19.98206878165609
4,Chaco,2023-06-30,4.828976350736615,18.067528716207796
5,Chubut,2023-06-30,9.75945539757239,31.83834379832065
6,Córdoba,2023-06-30,12.53060064291292,40.92709084644523
7,Corrientes,2023-06-30,7.471144805886485,28.372636709025045
8,Entre Ríos,2023-06-30,10.817219689754443,36.17886455635
9,Formosa,2023-06-30,5.539709546793127,21.765446043505552
10,Jujuy,2023-06-30,3.939219245421188,15.404295648139929
11,La Pampa,2023-06-30,18.817738666249745,57.11346413028093
12,La Rioja,2023-06-30,5.9574868609165055,22.379473384842765
13,Mendoza,2023-06-30,8.471962273752641,30.358626118052367
14,Misiones,2023-06-30,5.770422645863572,21.185388773835555
15,Neuquén,2023-06-30,11.212885018934369,37.668991398833526
16,Río Negro,2023-06-30,8.720913105538997,28.352709655934397
17,Salta,2023-06-30,5.441794403452636,22.46863566873461
18,San Juan,2023-06-30,8.15492708725699,32.01376785765942
19,San Luis,2023-06-30,5.178406501759548,18.09409817893094
20,Santa Cruz,2023-06-30,6.3798829409443645,21.44026834964066
21,Santa Fe,2023-06-30,13.57794520482052,43.180522354724175
22,Santiago del Estero,2023-06-30,6.278191142725317,25.29695517840927
23,Tierra del Fuego,2023-06-30,11.46766197899213,38.678561258382985
24,Tucumán,2023-06-30,8.963860915647905,36.18638692538721
1,Buenos Aires,2023-09-30,18.16935837265827,54.85339647855271
2,Capital Federal,2023-09-30,54.62024629263976,131.80010182509852
3,Catamarca,2023-09-30,5.066221185972165,19.916892931573724
4,Chaco,2023-09-30,4.692944503569025,17.55902659999639
5,Chubut,2023-09-30,9.719313282594266,31.708681087129985
6,Córdoba,2023-09-30,12.440585416825956,40.63382611721375
7,Corrientes,2023-09-30,7.318413953107125,27.79332757930361
8,Entre Ríos,2023-09-30,10.725238877766197,35.87189403299888
9,Formosa,2023-09-30,5.653328316806848,22.212436018738792
10,Jujuy,2023-09-30,3.736775998031777,14.61301196096272
11,La Pampa,2023-09-30,18.77538852452622,56.98577014140517
12,La Rioja,2023-09-30,5.925189662866647,22.258730954680505
13,Mendoza,2023-09-30,8.534134934663404,30.58219598704862
14,Misiones,2023-09-30,5.577262010941953,20.476815008182044
15,Neuquén,2023-09-30,11.225952652158364,37.71431627484567
16,Río Negro,2023-09-30,8.879527592687511,28.86927404368341
17,Salta,2023-09-30,5.437849297534066,22.453023639914665
18,San Juan,2023-09-30,8.133315273781108,31.929578972295182
19,San Luis,2023-09-30,5.162404907975461,18.038623547750685
20,Santa Cruz,2023-09-30,6.340548136206182,21.309522309392197
21,Santa Fe,2023-09-30,13.13709204377515,41.77911919877501
22,Santiago del Estero,2023-09-30,6.162956341431556,24.83307881156126
23,Tierra del Fuego,2023-09-30,11.397529616464633,38.44435644277552
24,Tucumán,2023-09-30,8.875468871193155,35.830456818995124
1,Buenos Aires,2023-12-31,17.874206003209412,53.83528989984857
2,Capital Federal,2023-12-31,53.68433486160021,129.69205722823725
3,Catamarca,2023-12-31,4.8845541923118185,19.20276434624736
4,Chaco,2023-12-31,4.462243067727273,16.695926861579245
5,Chubut,2023-12-31,8.686889922977558,28.34086488774716
6,Córdoba,2023-12-31,12.748860808272156,41.64094423757207
7,Corrientes,2023-12-31,7.101227651614334,26.968595927816686
8,Entre Ríos,2023-12-31,10.453533585277032,34.96328333598552
9,Formosa,2023-12-31,5.894559324378627,23.160349463661127
10,Jujuy,2023-12-31,3.588433297337413,14.032974639182877
11,La Pampa,2023-12-31,18.78017789382945,57.00058719849888
12,La Rioja,2023-12-31,5.8157576358616,21.847811252136275
13,Mendoza,2023-12-31,9.440875086540675,33.83168447611002
14,Misiones,2023-12-31,5.37899703394312,19.749016376886942
15,Neuquén,2023-12-31,10.128996993221309,34.02930223563685
16,Río Negro,2023-12-31,9.250676247742923,30.07618515436064
17,Salta,2023-12-31,5.227665269050035,21.58534100769293
18,San Juan,2023-12-31,6.81735335508733,26.76356077798102
19,San Luis,2023-12-31,5.464603990373296,19.09470729873557
20,Santa Cruz,2023-12-31,6.036288026259487,20.287557305395318
21,Santa Fe,2023-12-31,12.737616577140264,40.50881257887081
22,Santiago del Estero,2023-12-31,6.018029179109761,24.24923649719891
23,Tierra del Fuego,2023-12-31,8.419697349440234,28.40082918685591
24,Tucumán,2023-12-31,8.622301935091736,34.80866653585894
1,Buenos Aires,2024-03-31,16.09724846821511,51.64752863939112
2,Capital Federal,2024-03-31,46.04632782086791,110.8259628339704
3,Catamarca,2024-03-31,6.292206935034877,25.79011442258146
4,Chaco,2024-03-31,6.160661872223534,24.16971558590458
5,Chubut,2024-03-31,8.775016226163853,31.02375441347797
6,Córdoba,2024-03-31,14.149458325077424,48.55308152358481
7,Corrientes,2024-03-31,6.918078926114345,27.38038531997516
8,Entre Ríos,2024-03-31,11.92177385462305,41.68337931116093
9,Formosa,2024-03-31,4.962878583046838,20.268247579097785
10,Jujuy,2024-03-31,5.433862352752826,22.402992576793736
11,La Pampa,2024-03-31,17.96926342337383,56.79928267598592
12,La Rioja,2024-03-31,5.958858374340558,23.855811204467585
13,Mendoza,2024-03-31,8.348189628323315,31.42300256704204
14,Misiones,2024-03-31,6.412311435394563,24.82519786006002
15,Neuquén,2024-03-31,8.84271868292034,31.59846818518804
16,Río Negro,2024-03-31,8.894829367967132,30.76108485604249
17,Salta,2024-03-31,6.548191795919189,28.720554997636683
18,San Juan,2024-03-31,7.376342188493792,30.50342586112532
19,San Luis,2024-03-31,5.45931592471746,20.267150365332636
20,Santa Cruz,2024-03-31,5.437002870773524,20.613778322535875
21,Santa Fe,2024-03-31,16.46013730188609,54.34331660188826
22,Santiago del Estero,2024-03-31,6.178052604595042,26.16444644802337
23,Tierra del Fuego,2024-03-31,8.883790075001903,33.78437034171797
24,Tucumán,2024-03-31,9.360923283865224,40.01857519945394
1,Buenos Aires,2024-06-30,11.385010081423008,36.43609950970275
2,Capital Federal,2024-06-30,27.58638188602369,66.46497376756241
3,Catamarca,2024-06-30,6.123382558111588,25.090653771132487
4,Chaco,2024-06-30,6.006026086449925,23.55469851663001
5,Chubut,2024-06-30,8.71024419687863,30.779434003320343
6,Córdoba,2024-06-30,13.82299659239838,47.421302971305664
7,Corrientes,2024-06-30,6.740949145346373,26.66978953322005
8,Entre Ríos,2024-06-30,11.61963730772976,40.61704482258504
9,Formosa,2024-06-30,4.820955238399112,19.681206737633484
10,Jujuy,2024-06-30,5.285434353471991,21.78379307807959
11,La Pampa,2024-06-30,17.52207606352802,55.37295264484376
12,La Rioja,2024-06-30,5.792901962985583,23.183779581620456
13,Mendoza,2024-06-30,8.328485165132694,31.33815432858178
14,Misiones,2024-06-30,6.253078910785827,24.199403042204835
15,Neuquén,2024-06-30,8.726738272090847,31.16903310292349
16,Río Negro,2024-06-30,8.847757532229428,30.58647805415498
17,Salta,2024-06-30,6.366995693705952,27.91488870788257
18,San Juan,2024-06-30,7.358082995215002,30.42015053620361
19,San Luis,2024-06-30,5.443633919725622,20.202473979690755
20,Santa Cruz,2024-06-30,5.406228993581765,20.481617507094008
21,Santa Fe,2024-06-30,16.10826628244787,53.17106703183576
22,Santiago del Estero,2024-06-30,6.064034799553497,25.67523092861635
23,Tierra del Fuego,2024-06-30,8.833357773070173,33.571100514158275
24,Tucumán,2024-06-30,9.103355605347394,38.90458894681954
