Fecha,Provincia,Accesos telefonía fija (total),Accesos telefonía fija (hogares),Accesos telefonía fija (comercial),Accesos telefonía fija (gobierno),Accesos telefonía fija (otros),Id_Provincia
2024-06-30,Buenos Aires,3147886,2793773,299661,12436,42016,1
2024-06-30,Capital Federal,1651854,1466033,157247,6526,22048,2
2024-06-30,Catamarca,20365,18074,1939,80,272,3
2024-06-30,Chaco,53967,47897,5137,213,720,4
2024-06-30,Chubut,54140,48049,5154,214,723,5
2024-06-30,Córdoba,481423,427266,45829,1902,6426,6
2024-06-30,Corrientes,79872,70887,7603,316,1066,7
2024-06-30,Entre Ríos,145429,129069,13844,575,1941,8
2024-06-30,Formosa,35792,31766,3407,141,478,9
2024-06-30,Jujuy,27787,24661,2645,110,371,10
2024-06-30,La Pampa,67546,59947,6430,267,902,11
2024-06-30,La Rioja,23011,20422,2191,91,307,12
2024-06-30,Mendoza,188693,167466,17963,745,2519,13
2024-06-30,Misiones,68152,60485,6488,269,910,14
2024-06-30,Neuquén,67617,60010,6437,267,903,15
2024-06-30,Río Negro,69523,61702,6618,275,928,16
2024-06-30,Salta,74846,66426,7125,296,999,17
2024-06-30,San Juan,53493,47476,5092,211,714,18
2024-06-30,San Luis,27921,24780,2658,110,373,19
2024-06-30,Santa Cruz,22302,19793,2123,88,298,20
2024-06-30,Santa Fe,451887,401053,43017,1785,6032,21
2024-06-30,Santiago del Estero,59124,52473,5628,234,789,22
2024-06-30,Tierra del Fuego,14752,13093,1404,58,197,23
2024-06-30,Tucumán,146831,130314,13977,580,1960,24
2024-03-31,Buenos Aires,2921175,2605367,266413,11613,37782,1
2024-03-31,Capital Federal,1420490,1266922,129549,5647,18372,2
2024-03-31,Catamarca,26937,24025,2457,107,348,3
2024-03-31,Chaco,76782,68481,7003,305,993,4
2024-03-31,Chubut,57561,51338,5250,229,744,5
2024-03-31,Córdoba,551443,491827,50292,2192,7132,6
2024-03-31,Corrientes,79867,71232,7284,318,1033,7
2024-03-31,Entre Ríos,170620,152174,15561,678,2207,8
2024-03-31,Formosa,30877,27539,2816,123,399,9
2024-03-31,Jujuy,43517,38812,3969,173,563,10
2024-03-31,La Pampa,66325,59154,6049,264,858,11
2024-03-31,La Rioja,24555,21900,2239,98,318,12
2024-03-31,Mendoza,172145,153535,15700,684,2226,13
2024-03-31,Misiones,84026,74942,7663,334,1087,14
2024-03-31,Neuquén,61384,54748,5598,244,794,15
2024-03-31,Río Negro,69529,62013,6341,276,899,16
2024-03-31,Salta,97425,86893,8885,387,1260,17
2024-03-31,San Juan,59837,53368,5457,238,774,18
2024-03-31,San Luis,28995,25861,2644,115,375,19
2024-03-31,Santa Cruz,21691,19346,1978,86,281,20
2024-03-31,Santa Fe,598071,533414,54544,2378,7735,21
2024-03-31,Santiago del Estero,62660,55886,5715,249,810,22
2024-03-31,Tierra del Fuego,16805,14988,1533,67,217,23
2024-03-31,Tucumán,165341,147467,15079,657,2138,24
2023-12-31,Buenos Aires,3147886,2793773,299661,12436,42016,1
2023-12-31,Capital Federal,1651854,1466033,157247,6526,22048,2
2023-12-31,Catamarca,20365,18074,1939,80,272,3
2023-12-31,Chaco,53967,47897,5137,213,720,4
2023-12-31,Chubut,54140,48049,5154,214,723,5
2023-12-31,Córdoba,481423,427266,45829,1902,6426,6
2023-12-31,Corrientes,79872,70887,7603,316,1066,7
2023-12-31,Entre Ríos,145429,129069,13844,575,1941,8
2023-12-31,Formosa,35792,31766,3407,141,478,9
2023-12-31,Jujuy,27787,24661,2645,110,371,10
2023-12-31,La Pampa,67546,59947,6430,267,902,11
2023-12-31,La Rioja,23011,20422,2191,91,307,12
2023-12-31,Mendoza,188693,167466,17963,745,2519,13
2023-12-31,Misiones,68152,60485,6488,269,910,14
2023-12-31,Neuquén,67617,60010,6437,267,903,15
2023-12-31,Río Negro,69523,61702,6618,275,928,16
2023-12-31,Salta,74846,66426,7125,296,999,17
2023-12-31,San Juan,53493,47476,5092,211,714,18
2023-12-31,San Luis,27921,24780,2658,110,373,19
2023-12-31,Santa Cruz,22302,19793,2123,88,298,20
2023-12-31,Santa Fe,451887,401053,43017,1785,6032,21
2023-12-31,Santiago del Estero,59124,52473,5628,234,789,22
2023-12-31,Tierra del Fuego,14752,13093,1404,58,197,23
2023-12-31,Tucumán,146831,130314,13977,580,1960,24
2023-09-30,Buenos Aires,3192214,2830114,306770,12290,43040,1
2023-09-30,Capital Federal,1680216,1489625,161468,6469,22654,2
2023-09-30,Catamarca,21077,18687,2025,81,284,3
2023-09-30,Chaco,56620,50198,5441,218,763,4
2023-09-30,Chubut,60327,53485,5797,232,813,5
2023-09-30,Córdoba,468606,415451,45033,1804,6318,6
2023-09-30,Corrientes,82141,72824,7894,316,1107,7
2023-09-30,Entre Ríos,148872,131985,14307,573,2007,8
2023-09-30,Formosa,34259,30373,3292,132,462,9
2023-09-30,Jujuy,28858,25585,2773,111,389,10
2023-09-30,La Pampa,67389,59745,6476,259,909,11
2023-09-30,La Rioja,23368,20717,2246,90,315,12
2023-09-30,Mendoza,170143,150843,16351,655,2294,13
2023-09-30,Misiones,70473,62480,6772,271,950,14
2023-09-30,Neuquén,74704,66230,7179,288,1007,15
2023-09-30,Río Negro,66524,58978,6393,256,897,16
2023-09-30,Salta,77616,68812,7459,299,1046,17
2023-09-30,San Juan,63651,56431,6117,245,858,18
2023-09-30,San Luis,26296,23313,2527,101,355,19
2023-09-30,Santa Cruz,23283,20642,2237,90,314,20
2023-09-30,Santa Fe,465173,412407,44703,1791,6272,21
2023-09-30,Santiago del Estero,60395,53544,5804,233,814,22
2023-09-30,Tierra del Fuego,19848,17597,1907,76,268,23
2023-09-30,Tucumán,150702,133608,14482,580,2032,24
2023-06-30,Buenos Aires,3147886,2793773,299661,12436,42016,1
2023-06-30,Capital Federal,1651854,1466033,157247,6526,22048,2
2023-06-30,Catamarca,20365,18074,1939,80,272,3
2023-06-30,Chaco,53967,47897,5137,213,720,4
2023-06-30,Chubut,54140,48049,5154,214,723,5
2023-06-30,Córdoba,481423,427266,45829,1902,6426,6
2023-06-30,Corrientes,79872,70887,7603,316,1066,7
2023-06-30,Entre Ríos,145429,129069,13844,575,1941,8
2023-06-30,Formosa,35792,31766,3407,141,478,9
2023-06-30,Jujuy,27787,24661,2645,110,371,10
2023-06-30,La Pampa,67546,59947,6430,267,902,11
2023-06-30,La Rioja,23011,20422,2191,91,307,12
2023-06-30,Mendoza,188693,167466,17963,745,2519,13
2023-06-30,Misiones,68152,60485,6488,269,910,14
2023-06-30,Neuquén,67617,60010,6437,267,903,15
2023-06-30,Río Negro,69523,61702,6618,275,928,16
2023-06-30,Salta,74846,66426,7125,296,999,17
2023-06-30,San Juan,53493,47476,5092,211,714,18
2023-06-30,San Luis,27921,24780,2658,110,373,19
2023-06-30,Santa Cruz,22302,19793,2123,88,298,20
2023-06-30,Santa Fe,451887,401053,43017,1785,6032,21
2023-06-30,Santiago del Estero,59124,52473,5628,234,789,22
2023-06-30,Tierra del Fuego,14752,13093,1404,58,197,23
2023-06-30,Tucumán,146831,130314,13977,580,1960,24
2023-03-31,Buenos Aires,2937826,2590193,291279,11371,44983,1
2023-03-31,Capital Federal,1451142,1279427,143878,5617,22220,2
2023-03-31,Catamarca,28130,24801,2789,109,431,3
2023-03-31,Chaco,79914,70458,7923,309,1224,4
2023-03-31,Chubut,57411,50618,5692,222,879,5
2023-03-31,Córdoba,572246,504532,56737,2215,8762,6
2023-03-31,Corrientes,83237,73387,8253,322,1275,7
2023-03-31,Entre Ríos,177679,156653,17617,688,2721,8
2023-03-31,Formosa,32882,28992,3260,127,503,9
2023-03-31,Jujuy,45443,40065,4506,176,696,10
2023-03-31,La Pampa,67905,59869,6733,263,1040,11
2023-03-31,La Rioja,25642,22608,2542,99,393,12
2023-03-31,Mendoza,172165,151793,17070,666,2636,13
2023-03-31,Misiones,85417,75309,8469,331,1308,14
2023-03-31,Neuquén,62502,55106,6197,242,957,15
2023-03-31,Río Negro,67498,59511,6692,261,1034,16
2023-03-31,Salta,101735,89696,10087,394,1558,17
2023-03-31,San Juan,59837,52756,5933,232,916,18
2023-03-31,San Luis,28995,25564,2875,112,444,19
2023-03-31,Santa Cruz,22296,19658,2211,86,341,20
2023-03-31,Santa Fe,598954,528080,59385,2318,9171,21
2023-03-31,Santiago del Estero,64455,56828,6391,249,987,22
2023-03-31,Tierra del Fuego,16803,14815,1666,65,257,23
2023-03-31,Tucumán,172648,152218,17118,668,2644,24
2022-12-31,Buenos Aires,3128431,2802796,264038,12029,49568,1
2022-12-31,Capital Federal,1563142,1400437,131928,6010,24767,2
2022-12-31,Catamarca,25083,22473,2117,96,397,3
2022-12-31,Chaco,64683,57950,5459,249,1025,4
2022-12-31,Chubut,54249,48601,4579,209,860,5
2022-12-31,Córdoba,495095,443560,41786,1904,7845,6
2022-12-31,Corrientes,89013,79748,7513,342,1410,7
2022-12-31,Entre Ríos,160151,143480,13517,616,2538,8
2022-12-31,Formosa,35186,31523,2970,135,558,9
2022-12-31,Jujuy,35655,31944,3009,137,565,10
2022-12-31,La Pampa,66351,59445,5600,255,1051,11
2022-12-31,La Rioja,25586,22924,2159,98,405,12
2022-12-31,Mendoza,162938,145977,13752,627,2582,13
2022-12-31,Misiones,76346,68398,6444,294,1210,14
2022-12-31,Neuquén,68693,61543,5798,264,1088,15
2022-12-31,Río Negro,67359,60348,5685,259,1067,16
2022-12-31,Salta,86362,77373,7289,332,1368,17
2022-12-31,San Juan,52803,47306,4457,203,837,18
2022-12-31,San Luis,27706,24822,2338,107,439,19
2022-12-31,Santa Cruz,22986,20594,1940,88,364,20
2022-12-31,Santa Fe,490492,439437,41397,1886,7772,21
2022-12-31,Santiago del Estero,64909,58153,5478,250,1028,22
2022-12-31,Tierra del Fuego,14833,13289,1252,57,235,23
2022-12-31,Tucumán,162823,145875,13742,626,2580,24
2022-09-30,Buenos Aires,3116760,2791694,265040,11756,48270,1
2022-09-30,Capital Federal,1567975,1404441,133336,5914,24284,2
2022-09-30,Catamarca,25646,22971,2181,97,397,3
2022-09-30,Chaco,65551,58715,5574,247,1015,4
2022-09-30,Chubut,58697,52576,4991,221,909,5
2022-09-30,Córdoba,486942,436156,41408,1837,7541,6
2022-09-30,Corrientes,89977,80594,7651,339,1393,7
2022-09-30,Entre Ríos,157201,140805,13368,593,2435,8
2022-09-30,Formosa,35254,31577,2998,133,546,9
2022-09-30,Jujuy,36008,32252,3062,136,558,10
2022-09-30,La Pampa,66212,59307,5630,250,1025,11
2022-09-30,La Rioja,25447,22793,2164,96,394,12
2022-09-30,Mendoza,138458,124018,11774,522,2144,13
2022-09-30,Misiones,76605,68616,6514,289,1186,14
2022-09-30,Neuquén,73079,65457,6214,276,1132,15
2022-09-30,Río Negro,65111,58320,5537,246,1008,16
2022-09-30,Salta,87776,78622,7464,331,1359,17
2022-09-30,San Juan,60588,54269,5152,229,938,18
2022-09-30,San Luis,25373,22726,2158,96,393,19
2022-09-30,Santa Cruz,22797,20419,1939,86,353,20
2022-09-30,Santa Fe,497685,445778,42322,1877,7708,21
2022-09-30,Santiago del Estero,62622,56091,5325,236,970,22
2022-09-30,Tierra del Fuego,19122,17128,1626,72,296,23
2022-09-30,Tucumán,163764,146684,13926,618,2536,24
2022-06-30,Buenos Aires,3128431,2802796,264038,12029,49568,1
2022-06-30,Capital Federal,1563142,1400437,131928,6010,24767,2
2022-06-30,Catamarca,25083,22473,2117,96,397,3
2022-06-30,Chaco,64683,57950,5459,249,1025,4
2022-06-30,Chubut,54249,48601,4579,209,860,5
2022-06-30,Córdoba,495095,443560,41786,1904,7845,6
2022-06-30,Corrientes,89013,79748,7513,342,1410,7
2022-06-30,Entre Ríos,160151,143480,13517,616,2538,8
2022-06-30,Formosa,35186,31523,2970,135,558,9
2022-06-30,Jujuy,35655,31944,3009,137,565,10
2022-06-30,La Pampa,66351,59445,5600,255,1051,11
2022-06-30,La Rioja,25586,22924,2159,98,405,12
2022-06-30,Mendoza,162938,145977,13752,627,2582,13
2022-06-30,Misiones,76346,68398,6444,294,1210,14
2022-06-30,Neuquén,68693,61543,5798,264,1088,15
2022-06-30,Río Negro,67359,60348,5685,259,1067,16
2022-06-30,Salta,86362,77373,7289,332,1368,17
2022-06-30,San Juan,52803,47306,4457,203,837,18
2022-06-30,San Luis,27706,24822,2338,107,439,19
2022-06-30,Santa Cruz,22986,20594,1940,88,364,20
2022-06-30,Santa Fe,490492,439437,41397,1886,7772,21
2022-06-30,Santiago del Estero,64909,58153,5478,250,1028,22
2022-06-30,Tierra del Fuego,14833,13289,1252,57,235,23
2022-06-30,Tucumán,162823,145875,13742,626,2580,24
2022-03-31,Buenos Aires,3062075,2735498,266125,11364,49088,1
2022-03-31,Capital Federal,1432318,1279557,124483,5316,22962,2
2022-03-31,Catamarca,30156,26940,2621,112,483,3
2022-03-31,Chaco,84821,75774,7372,315,1360,4
2022-03-31,Chubut,61117,54598,5312,227,980,5
2022-03-31,Córdoba,578691,516972,50294,2148,9277,6
2022-03-31,Corrientes,88933,79448,7729,330,1426,7
2022-03-31,Entre Ríos,189614,169391,16479,704,3040,8
2022-03-31,Formosa,33824,30216,2940,126,542,9
2022-03-31,Jujuy,48682,43490,4231,181,780,10
2022-03-31,La Pampa,68620,61301,5964,255,1100,11
2022-03-31,La Rioja,27488,24556,2389,102,441,12
2022-03-31,Mendoza,163637,146185,14222,607,2623,13
2022-03-31,Misiones,91333,81592,7938,339,1464,14
2022-03-31,Neuquén,65843,58821,5722,244,1056,15
2022-03-31,Río Negro,71369,63757,6203,265,1144,16
2022-03-31,Salta,109054,97423,9478,405,1748,17
2022-03-31,San Juan,62767,56073,5455,233,1006,18
2022-03-31,San Luis,30071,26864,2613,112,482,19
2022-03-31,Santa Cruz,23766,21232,2065,88,381,20
2022-03-31,Santa Fe,628606,561564,54632,2333,10077,21
2022-03-31,Santiago del Estero,67503,60303,5867,251,1082,22
2022-03-31,Tierra del Fuego,17966,16050,1561,67,288,23
2022-03-31,Tucumán,184951,165226,16074,686,2965,24
2021-12-31,Buenos Aires,3313370,3012453,234051,14886,51980,1
2021-12-31,Capital Federal,1439097,1308400,101656,6465,22576,2
2021-12-31,Catamarca,29635,26944,2093,133,465,3
2021-12-31,Chaco,90829,82580,6416,408,1425,4
2021-12-31,Chubut,68209,62015,4818,306,1070,5
2021-12-31,Córdoba,583715,530703,41233,2622,9157,6
2021-12-31,Corrientes,97971,89073,6921,440,1537,7
2021-12-31,Entre Ríos,207536,188688,14660,932,3256,8
2021-12-31,Formosa,36411,33104,2572,164,571,9
2021-12-31,Jujuy,44258,40239,3126,199,694,10
2021-12-31,La Pampa,71751,65235,5068,322,1126,11
2021-12-31,La Rioja,26765,24334,1891,120,420,12
2021-12-31,Mendoza,204522,185947,14447,919,3209,13
2021-12-31,Misiones,98622,89666,6966,443,1547,14
2021-12-31,Neuquén,72616,66022,5129,326,1139,15
2021-12-31,Río Negro,86287,78450,6095,388,1354,16
2021-12-31,Salta,120291,109367,8497,540,1887,17
2021-12-31,San Juan,66631,60580,4707,299,1045,18
2021-12-31,San Luis,33020,30022,2332,148,518,19
2021-12-31,Santa Cruz,27740,25220,1960,125,435,20
2021-12-31,Santa Fe,655796,596238,46324,2946,10288,21
2021-12-31,Santiago del Estero,66649,60596,4708,299,1046,22
2021-12-31,Tierra del Fuego,18937,17217,1338,85,297,23
2021-12-31,Tucumán,165702,150653,11705,744,2600,24
2021-09-30,Buenos Aires,3164518,2852029,242423,15465,54601,1
2021-09-30,Capital Federal,1367485,1232448,104759,6683,23595,2
2021-09-30,Catamarca,24683,22245,1891,121,426,3
2021-09-30,Chaco,73770,66485,5651,361,1273,4
2021-09-30,Chubut,73086,65869,5599,357,1261,5
2021-09-30,Córdoba,484017,436222,37079,2365,8351,6
2021-09-30,Corrientes,78053,70346,5979,381,1347,7
2021-09-30,Entre Ríos,164023,147826,12565,802,2830,8
2021-09-30,Formosa,30471,27462,2334,149,526,9
2021-09-30,Jujuy,35160,31688,2693,172,607,10
2021-09-30,La Pampa,71728,64644,5495,351,1238,11
2021-09-30,La Rioja,21614,19479,1656,106,373,12
2021-09-30,Mendoza,196028,176671,15017,958,3382,13
2021-09-30,Misiones,78868,71080,6042,385,1361,14
2021-09-30,Neuquén,74203,66876,5684,363,1280,15
2021-09-30,Río Negro,83724,75456,6414,409,1445,16
2021-09-30,Salta,93818,84554,7187,458,1619,17
2021-09-30,San Juan,74837,67447,5733,366,1291,18
2021-09-30,San Luis,34431,31031,2638,168,594,19
2021-09-30,Santa Cruz,26961,24299,2065,132,465,20
2021-09-30,Santa Fe,539814,486509,41353,2638,9314,21
2021-09-30,Santiago del Estero,57376,51711,4395,280,990,22
2021-09-30,Tierra del Fuego,21573,19443,1653,105,372,23
2021-09-30,Tucumán,133062,119923,10193,650,2296,24
2021-06-30,Buenos Aires,3313370,3012453,234051,14886,51980,1
2021-06-30,Capital Federal,1439097,1308400,101656,6465,22576,2
2021-06-30,Catamarca,29635,26944,2093,133,465,3
2021-06-30,Chaco,90829,82580,6416,408,1425,4
2021-06-30,Chubut,68209,62015,4818,306,1070,5
2021-06-30,Córdoba,583715,530703,41233,2622,9157,6
2021-06-30,Corrientes,97971,89073,6921,440,1537,7
2021-06-30,Entre Ríos,207536,188688,14660,932,3256,8
2021-06-30,Formosa,36411,33104,2572,164,571,9
2021-06-30,Jujuy,44258,40239,3126,199,694,10
2021-06-30,La Pampa,71751,65235,5068,322,1126,11
2021-06-30,La Rioja,26765,24334,1891,120,420,12
2021-06-30,Mendoza,204522,185947,14447,919,3209,13
2021-06-30,Misiones,98622,89666,6966,443,1547,14
2021-06-30,Neuquén,72616,66022,5129,326,1139,15
2021-06-30,Río Negro,86287,78450,6095,388,1354,16
2021-06-30,Salta,120291,109367,8497,540,1887,17
2021-06-30,San Juan,66631,60580,4707,299,1045,18
2021-06-30,San Luis,33020,30022,2332,148,518,19
2021-06-30,Santa Cruz,27740,25220,1960,125,435,20
2021-06-30,Santa Fe,655796,596238,46324,2946,10288,21
2021-06-30,Santiago del Estero,66649,60596,4708,299,1046,22
2021-06-30,Tierra del Fuego,18937,17217,1338,85,297,23
2021-06-30,Tucumán,165702,150653,11705,744,2600,24
2021-03-31,Buenos Aires,3203761,2874157,247958,15146,66500,1
2021-03-31,Capital Federal,1395627,1252044,108016,6598,28969,2
2021-03-31,Catamarca,26597,23860,2059,126,552,3
2021-03-31,Chaco,75834,68032,5869,359,1574,4
2021-03-31,Chubut,73068,65551,5655,345,1517,5
2021-03-31,Córdoba,523748,469865,40536,2476,10871,6
2021-03-31,Corrientes,78850,70737,6103,373,1637,7
2021-03-31,Entre Ríos,168446,151117,13037,796,3496,8
2021-03-31,Formosa,31265,28048,2420,148,649,9
2021-03-31,Jujuy,42953,38534,3324,203,892,10
2021-03-31,La Pampa,71152,63832,5507,336,1477,11
2021-03-31,La Rioja,24254,21759,1877,115,503,12
2021-03-31,Mendoza,196315,176118,15194,928,4075,13
2021-03-31,Misiones,82076,73632,6352,388,1704,14
2021-03-31,Neuquén,74404,66749,5759,352,1544,15
2021-03-31,Río Negro,82669,74164,6398,391,1716,16
2021-03-31,Salta,96214,86315,7447,455,1997,17
2021-03-31,San Juan,74837,67138,5792,354,1553,18
2021-03-31,San Luis,34431,30888,2665,163,715,19
2021-03-31,Santa Cruz,26930,24160,2084,127,559,20
2021-03-31,Santa Fe,570118,511464,44125,2695,11834,21
2021-03-31,Santiago del Estero,62157,55762,4811,294,1290,22
2021-03-31,Tierra del Fuego,21573,19353,1670,102,448,23
2021-03-31,Tucumán,163185,146397,12630,771,3387,24
2020-12-31,Buenos Aires,3232457,2906464,254292,14992,56709,1
2020-12-31,Capital Federal,1423882,1280284,112014,6604,24980,2
2020-12-31,Catamarca,33525,30145,2637,155,588,3
2020-12-31,Chaco,81113,72933,6381,376,1423,4
2020-12-31,Chubut,73019,65655,5744,339,1281,5
2020-12-31,Córdoba,535102,481136,42096,2482,9388,6
2020-12-31,Corrientes,85319,76714,6712,396,1497,7
2020-12-31,Entre Ríos,178988,160937,14081,830,3140,8
2020-12-31,Formosa,34057,30623,2679,158,597,9
2020-12-31,Jujuy,45686,41079,3594,212,801,10
2020-12-31,La Pampa,70628,63505,5556,328,1239,11
2020-12-31,La Rioja,29306,26351,2305,136,514,12
2020-12-31,Mendoza,196388,176583,15449,911,3445,13
2020-12-31,Misiones,85762,77112,6747,398,1505,14
2020-12-31,Neuquén,74546,67028,5864,346,1308,15
2020-12-31,Río Negro,84513,75990,6648,392,1483,16
2020-12-31,Salta,101610,91363,7993,471,1783,17
2020-12-31,San Juan,74837,67290,5887,347,1313,18
2020-12-31,San Luis,34431,30958,2709,160,604,19
2020-12-31,Santa Cruz,27239,24492,2143,126,478,20
2020-12-31,Santa Fe,592374,532634,46601,2747,10392,21
2020-12-31,Santiago del Estero,66338,59647,5219,308,1164,22
2020-12-31,Tierra del Fuego,21573,19398,1697,100,378,23
2020-12-31,Tucumán,181343,163055,14266,841,3181,24
2020-09-30,Buenos Aires,3233324,2919939,236054,15784,61547,1
2020-09-30,Capital Federal,1433000,1294110,104618,6995,27277,2
2020-09-30,Catamarca,33596,30339,2453,164,640,3
2020-09-30,Chaco,82542,74542,6026,403,1571,4
2020-09-30,Chubut,72950,65879,5326,356,1389,5
2020-09-30,Córdoba,549383,496134,40109,2682,10458,6
2020-09-30,Corrientes,86349,77979,6304,422,1644,7
2020-09-30,Entre Ríos,181304,163732,13236,885,3451,8
2020-09-30,Formosa,34864,31485,2545,170,664,9
2020-09-30,Jujuy,46331,41841,3382,226,882,10
2020-09-30,La Pampa,70536,63699,5150,344,1343,11
2020-09-30,La Rioja,29404,26553,2147,144,560,12
2020-09-30,Mendoza,196383,177349,14337,959,3738,13
2020-09-30,Misiones,88884,80269,6489,434,1692,14
2020-09-30,Neuquén,74481,67261,5438,364,1418,15
2020-09-30,Río Negro,85239,76977,6223,416,1623,16
2020-09-30,Salta,103159,93160,7531,504,1964,17
2020-09-30,San Juan,74844,67590,5464,365,1425,18
2020-09-30,San Luis,34436,31098,2514,168,656,19
2020-09-30,Santa Cruz,27279,24635,1992,133,519,20
2020-09-30,Santa Fe,624379,563862,45584,3048,11885,21
2020-09-30,Santiago del Estero,66338,59908,4843,324,1263,22
2020-09-30,Tierra del Fuego,21573,19482,1575,105,411,23
2020-09-30,Tucumán,181967,164330,13285,888,3464,24
2020-06-30,Buenos Aires,3232457,2906464,254292,14992,56709,1
2020-06-30,Capital Federal,1423882,1280284,112014,6604,24980,2
2020-06-30,Catamarca,33525,30145,2637,155,588,3
2020-06-30,Chaco,81113,72933,6381,376,1423,4
2020-06-30,Chubut,73019,65655,5744,339,1281,5
2020-06-30,Córdoba,535102,481136,42096,2482,9388,6
2020-06-30,Corrientes,85319,76714,6712,396,1497,7
2020-06-30,Entre Ríos,178988,160937,14081,830,3140,8
2020-06-30,Formosa,34057,30623,2679,158,597,9
2020-06-30,Jujuy,45686,41079,3594,212,801,10
2020-06-30,La Pampa,70628,63505,5556,328,1239,11
2020-06-30,La Rioja,29306,26351,2305,136,514,12
2020-06-30,Mendoza,196388,176583,15449,911,3445,13
2020-06-30,Misiones,85762,77112,6747,398,1505,14
2020-06-30,Neuquén,74546,67028,5864,346,1308,15
2020-06-30,Río Negro,84513,75990,6648,392,1483,16
2020-06-30,Salta,101610,91363,7993,471,1783,17
2020-06-30,San Juan,74837,67290,5887,347,1313,18
2020-06-30,San Luis,34431,30958,2709,160,604,19
2020-06-30,Santa Cruz,27239,24492,2143,126,478,20
2020-06-30,Santa Fe,592374,532634,46601,2747,10392,21
2020-06-30,Santiago del Estero,66338,59647,5219,308,1164,22
2020-06-30,Tierra del Fuego,21573,19398,1697,100,378,23
2020-06-30,Tucumán,181343,163055,14266,841,3181,24
2020-03-31,Buenos Aires,3261264,2925747,261533,14423,59561,1
2020-03-31,Capital Federal,1456196,1306383,116778,6440,26595,2
2020-03-31,Catamarca,29743,26683,2385,132,543,3
2020-03-31,Chaco,84041,75394,6740,372,1535,4
2020-03-31,Chubut,78692,70596,6311,348,1437,5
2020-03-31,Córdoba,574075,515015,46037,2539,10484,6
2020-03-31,Corrientes,87649,78631,7029,388,1601,7
2020-03-31,Entre Ríos,186835,167614,14983,826,3412,8
2020-03-31,Formosa,34562,31006,2772,153,631,9
2020-03-31,Jujuy,47985,43049,3848,212,876,10
2020-03-31,La Pampa,70733,63456,5672,313,1292,11
2020-03-31,La Rioja,27079,24292,2172,120,495,12
2020-03-31,Mendoza,210725,189045,16899,932,3849,13
2020-03-31,Misiones,90832,81487,7284,402,1659,14
2020-03-31,Neuquén,77487,69515,6214,343,1415,15
2020-03-31,Río Negro,88260,79180,7078,390,1612,16
2020-03-31,Salta,107506,96447,8621,475,1963,17
2020-03-31,San Juan,78502,70426,6295,347,1434,18
2020-03-31,San Luis,36334,32595,2914,161,664,19
2020-03-31,Santa Cruz,29360,26340,2354,130,536,20
2020-03-31,Santa Fe,624563,560308,50086,2762,11407,21
2020-03-31,Santiago del Estero,67237,60320,5392,297,1228,22
2020-03-31,Tierra del Fuego,23550,21127,1889,104,430,23
2020-03-31,Tucumán,182424,163656,14629,807,3332,24
2019-12-31,Buenos Aires,3348525,2994702,266943,14902,71978,1
2019-12-31,Capital Federal,1478871,1322606,117895,6581,31789,2
2019-12-31,Catamarca,31113,27826,2480,138,669,3
2019-12-31,Chaco,86928,77742,6930,387,1869,4
2019-12-31,Chubut,81784,73142,6520,364,1758,5
2019-12-31,Córdoba,604424,540558,48184,2690,12992,6
2019-12-31,Corrientes,89969,80463,7172,400,1934,7
2019-12-31,Entre Ríos,191513,171277,15267,852,4117,8
2019-12-31,Formosa,35319,31587,2816,157,759,9
2019-12-31,Jujuy,49460,44234,3943,220,1063,10
2019-12-31,La Pampa,71332,63795,5687,317,1533,11
2019-12-31,La Rioja,28349,25354,2260,126,609,12
2019-12-31,Mendoza,218661,195556,17432,973,4700,13
2019-12-31,Misiones,93753,83847,7474,417,2015,14
2019-12-31,Neuquén,78963,70620,6295,351,1697,15
2019-12-31,Río Negro,91113,81486,7263,405,1959,16
2019-12-31,Salta,110873,99158,8839,493,2383,17
2019-12-31,San Juan,80524,72016,6419,358,1731,18
2019-12-31,San Luis,37794,33801,3013,168,812,19
2019-12-31,Santa Cruz,30409,27196,2424,135,654,20
2019-12-31,Santa Fe,643060,575111,51264,2862,13823,21
2019-12-31,Santiago del Estero,68405,61178,5453,304,1470,22
2019-12-31,Tierra del Fuego,24283,21717,1936,108,522,23
2019-12-31,Tucumán,187391,167590,14939,834,4028,24
2019-09-30,Buenos Aires,3414932,3058655,268169,14853,73255,1
2019-09-30,Capital Federal,1497396,1341174,117588,6513,32121,2
2019-09-30,Catamarca,32676,29267,2566,142,701,3
2019-09-30,Chaco,88269,79060,6932,384,1893,4
2019-09-30,Chubut,83907,75153,6589,365,1800,5
2019-09-30,Córdoba,612366,548479,48088,2663,13136,6
2019-09-30,Corrientes,91158,81648,7159,396,1955,7
2019-09-30,Entre Ríos,194253,173987,15254,845,4167,8
2019-09-30,Formosa,35966,32214,2824,156,772,9
2019-09-30,Jujuy,50113,44885,3935,218,1075,10
2019-09-30,La Pampa,63774,57121,5008,277,1368,11
2019-09-30,La Rioja,29547,26464,2320,129,634,12
2019-09-30,Mendoza,225668,202124,17721,982,4841,13
2019-09-30,Misiones,95865,85864,7528,417,2056,14
2019-09-30,Neuquén,80350,71967,6310,349,1724,15
2019-09-30,Río Negro,94207,84378,7398,410,2021,16
2019-09-30,Salta,113707,101844,8929,495,2439,17
2019-09-30,San Juan,82462,73858,6476,359,1769,18
2019-09-30,San Luis,39274,35177,3084,171,842,19
2019-09-30,Santa Cruz,32023,28682,2515,139,687,20
2019-09-30,Santa Fe,647965,580363,50884,2818,13900,21
2019-09-30,Santiago del Estero,69371,62133,5448,302,1488,22
2019-09-30,Tierra del Fuego,25143,22521,1974,109,539,23
2019-09-30,Tucumán,192297,172235,15101,836,4125,24
2019-06-30,Buenos Aires,3348525,2994702,266943,14902,71978,1
2019-06-30,Capital Federal,1478871,1322606,117895,6581,31789,2
2019-06-30,Catamarca,31113,27826,2480,138,669,3
2019-06-30,Chaco,86928,77742,6930,387,1869,4
2019-06-30,Chubut,81784,73142,6520,364,1758,5
2019-06-30,Córdoba,604424,540558,48184,2690,12992,6
2019-06-30,Corrientes,89969,80463,7172,400,1934,7
2019-06-30,Entre Ríos,191513,171277,15267,852,4117,8
2019-06-30,Formosa,35319,31587,2816,157,759,9
2019-06-30,Jujuy,49460,44234,3943,220,1063,10
2019-06-30,La Pampa,71332,63795,5687,317,1533,11
2019-06-30,La Rioja,28349,25354,2260,126,609,12
2019-06-30,Mendoza,218661,195556,17432,973,4700,13
2019-06-30,Misiones,93753,83847,7474,417,2015,14
2019-06-30,Neuquén,78963,70620,6295,351,1697,15
2019-06-30,Río Negro,91113,81486,7263,405,1959,16
2019-06-30,Salta,110873,99158,8839,493,2383,17
2019-06-30,San Juan,80524,72016,6419,358,1731,18
2019-06-30,San Luis,37794,33801,3013,168,812,19
2019-06-30,Santa Cruz,30409,27196,2424,135,654,20
2019-06-30,Santa Fe,643060,575111,51264,2862,13823,21
2019-06-30,Santiago del Estero,68405,61178,5453,304,1470,22
2019-06-30,Tierra del Fuego,24283,21717,1936,108,522,23
2019-06-30,Tucumán,187391,167590,14939,834,4028,24
2019-03-31,Buenos Aires,3563157,3149299,280518,14901,118439,1
2019-03-31,Capital Federal,1599798,1413982,125948,6691,53177,2
2019-03-31,Catamarca,36178,31976,2848,151,1203,3
2019-03-31,Chaco,93703,82819,7377,392,3115,4
2019-03-31,Chubut,88768,78458,6988,371,2951,5
2019-03-31,Córdoba,656248,580025,51665,2744,21814,6
2019-03-31,Corrientes,95050,84010,7483,398,3159,7
2019-03-31,Entre Ríos,203743,180079,16040,852,6772,8
2019-03-31,Formosa,37799,33409,2976,158,1256,9
2019-03-31,Jujuy,51824,45804,4080,217,1723,10
2019-03-31,La Pampa,65887,58234,5187,276,2190,11
2019-03-31,La Rioja,32830,29017,2585,137,1091,12
2019-03-31,Mendoza,241006,213013,18974,1008,8011,13
2019-03-31,Misiones,101672,89863,8004,425,3380,14
2019-03-31,Neuquén,83521,73821,6575,349,2776,15
2019-03-31,Río Negro,100373,88715,7902,420,3336,16
2019-03-31,Salta,122902,108627,9676,514,4085,17
2019-03-31,San Juan,85905,75928,6763,359,2855,18
2019-03-31,San Luis,42908,37925,3378,179,1426,19
2019-03-31,Santa Cruz,34171,30202,2690,143,1136,20
2019-03-31,Santa Fe,685178,605596,53942,2865,22775,21
2019-03-31,Santiago del Estero,72886,64420,5738,305,2423,22
2019-03-31,Tierra del Fuego,25181,22257,1982,105,837,23
2019-03-31,Tucumán,206715,182705,16274,865,6871,24
2018-12-31,Buenos Aires,4558545,4074597,332712,18514,132722,1
2018-12-31,Capital Federal,1753365,1567223,127972,7121,51049,2
2018-12-31,Catamarca,36970,33046,2698,150,1076,3
2018-12-31,Chaco,95754,85588,6989,389,2788,4
2018-12-31,Chubut,117520,105044,8577,477,3422,5
2018-12-31,Córdoba,671019,599782,48975,2725,19537,6
2018-12-31,Corrientes,96921,86631,7074,394,2822,7
2018-12-31,Entre Ríos,207407,185388,15138,842,6039,8
2018-12-31,Formosa,38705,34596,2825,157,1127,9
2018-12-31,Jujuy,52432,46865,3827,213,1527,10
2018-12-31,La Pampa,76460,68342,5581,311,2226,11
2018-12-31,La Rioja,33864,30268,2472,138,986,12
2018-12-31,Mendoza,360697,322404,26326,1465,10502,13
2018-12-31,Misiones,104246,93179,7609,423,3035,14
2018-12-31,Neuquén,109166,97577,7968,443,3178,15
2018-12-31,Río Negro,139693,124863,10196,567,4067,16
2018-12-31,Salta,126296,112888,9218,513,3677,17
2018-12-31,San Juan,115257,103021,8412,468,3356,18
2018-12-31,San Luis,51830,46328,3783,210,1509,19
2018-12-31,Santa Cruz,44277,39576,3232,180,1289,20
2018-12-31,Santa Fe,697606,623546,50916,2833,20311,21
2018-12-31,Santiago del Estero,74168,66295,5413,301,2159,22
2018-12-31,Tierra del Fuego,33372,29828,2436,136,972,23
2018-12-31,Tucumán,210346,188016,15352,854,6124,24
2018-09-30,Buenos Aires,4492692,4011556,328786,17993,134357,1
2018-09-30,Capital Federal,1775534,1585386,129938,7111,53099,2
2018-09-30,Catamarca,37877,33820,2772,152,1133,3
2018-09-30,Chaco,91629,81816,6706,367,2740,4
2018-09-30,Chubut,116981,104453,8561,469,3498,5
2018-09-30,Córdoba,674653,602402,49373,2702,20176,6
2018-09-30,Corrientes,94809,84656,6938,380,2835,7
2018-09-30,Entre Ríos,200199,178759,14651,802,5987,8
2018-09-30,Formosa,39405,35185,2884,158,1178,9
2018-09-30,Jujuy,53058,47376,3883,212,1587,10
2018-09-30,La Pampa,75708,67601,5540,303,2264,11
2018-09-30,La Rioja,34553,30853,2529,138,1033,12
2018-09-30,Mendoza,360459,321856,26379,1444,10780,13
2018-09-30,Misiones,103894,92768,7603,416,3107,14
2018-09-30,Neuquén,97134,86731,7109,389,2905,15
2018-09-30,Río Negro,139713,124750,10225,560,4178,16
2018-09-30,Salta,129587,115710,9483,519,3875,17
2018-09-30,San Juan,115192,102856,8430,461,3445,18
2018-09-30,San Luis,44305,39561,3242,177,1325,19
2018-09-30,Santa Cruz,44198,39464,3235,177,1322,20
2018-09-30,Santa Fe,672622,600589,49224,2694,20115,21
2018-09-30,Santiago del Estero,53667,47920,3927,215,1605,22
2018-09-30,Tierra del Fuego,33372,29798,2442,134,998,23
2018-09-30,Tucumán,213747,190856,15643,856,6392,24
2018-06-30,Buenos Aires,4477907,3986269,328629,17754,145255,1
2018-06-30,Capital Federal,1742825,1551477,127904,6910,56534,2
2018-06-30,Catamarca,38159,33970,2800,151,1238,3
2018-06-30,Chaco,97970,87214,7190,388,3178,4
2018-06-30,Chubut,117005,104159,8587,464,3795,5
2018-06-30,Córdoba,683794,608719,50183,2711,22181,6
2018-06-30,Corrientes,99001,88131,7266,393,3211,7
2018-06-30,Entre Ríos,213670,190211,15681,847,6931,8
2018-06-30,Formosa,39741,35377,2917,158,1289,9
2018-06-30,Jujuy,53642,47752,3937,213,1740,10
2018-06-30,La Pampa,75704,67392,5556,300,2456,11
2018-06-30,La Rioja,35170,31309,2581,139,1141,12
2018-06-30,Mendoza,360453,320879,26453,1429,11692,13
2018-06-30,Misiones,108094,96226,7933,429,3506,14
2018-06-30,Neuquén,97148,86482,7130,385,3151,15
2018-06-30,Río Negro,139757,124413,10257,554,4533,16
2018-06-30,Salta,131938,117452,9683,523,4280,17
2018-06-30,San Juan,115192,102544,8454,457,3737,18
2018-06-30,San Luis,44326,39459,3253,176,1438,19
2018-06-30,Santa Cruz,44258,39399,3248,175,1436,20
2018-06-30,Santa Fe,685345,610100,50297,2717,22231,21
2018-06-30,Santiago del Estero,55208,49146,4052,219,1791,22
2018-06-30,Tierra del Fuego,33372,29708,2449,132,1083,23
2018-06-30,Tucumán,214298,190770,15727,850,6951,24
2018-03-31,Buenos Aires,4437761,3897738,326697,17191,196135,1
2018-03-31,Capital Federal,1732094,1521319,127512,6710,76553,2
2018-03-31,Catamarca,38375,33705,2825,149,1696,3
2018-03-31,Chaco,99037,86985,7291,384,4377,4
2018-03-31,Chubut,113978,100108,8391,442,5037,5
2018-03-31,Córdoba,691843,607654,50932,2680,30577,6
2018-03-31,Corrientes,99564,87448,7330,386,4400,7
2018-03-31,Entre Ríos,215675,189431,15877,835,9532,8
2018-03-31,Formosa,40111,35230,2953,155,1773,9
2018-03-31,Jujuy,54304,47696,3998,210,2400,10
2018-03-31,La Pampa,75269,66109,5541,292,3327,11
2018-03-31,La Rioja,35980,31602,2649,139,1590,12
2018-03-31,Mendoza,360420,316562,26533,1396,15929,13
2018-03-31,Misiones,103398,90815,7612,401,4570,14
2018-03-31,Neuquén,97217,85386,7157,377,4297,15
2018-03-31,Río Negro,139844,122826,10295,542,6181,16
2018-03-31,Salta,134030,117720,9867,519,5924,17
2018-03-31,San Juan,115192,101175,8480,446,5091,18
2018-03-31,San Luis,44327,38933,3263,172,1959,19
2018-03-31,Santa Cruz,44206,38827,3254,171,1954,20
2018-03-31,Santa Fe,689027,605181,50724,2669,30453,21
2018-03-31,Santiago del Estero,57141,50188,4207,221,2525,22
2018-03-31,Tierra del Fuego,33372,29311,2457,129,1475,23
2018-03-31,Tucumán,214755,188622,15810,832,9491,24
2017-12-31,Buenos Aires,4881863,4268288,343324,18011,252240,1
2017-12-31,Capital Federal,1618260,1414870,113807,5970,83613,2
2017-12-31,Catamarca,38665,33805,2719,143,1998,3
2017-12-31,Chaco,102077,89247,7179,377,5274,4
2017-12-31,Chubut,122592,107185,8621,452,6334,5
2017-12-31,Córdoba,704306,615786,49531,2598,36391,6
2017-12-31,Corrientes,102049,89223,7177,376,5273,7
2017-12-31,Entre Ríos,223126,195082,15692,823,11529,8
2017-12-31,Formosa,41139,35968,2893,152,2126,9
2017-12-31,Jujuy,56418,49327,3968,208,2915,10
2017-12-31,La Pampa,83364,72886,5863,308,4307,11
2017-12-31,La Rioja,37770,33023,2656,139,1952,12
2017-12-31,Mendoza,381118,333217,26803,1406,19692,13
2017-12-31,Misiones,115189,100711,8101,425,5952,14
2017-12-31,Neuquén,101846,89046,7162,376,5262,15
2017-12-31,Río Negro,145598,127299,10239,537,7523,16
2017-12-31,Salta,139346,121832,9800,514,7200,17
2017-12-31,San Juan,114113,99771,8025,421,5896,18
2017-12-31,San Luis,53797,47036,3783,198,2780,19
2017-12-31,Santa Cruz,47233,41297,3322,174,2440,20
2017-12-31,Santa Fe,742944,649567,52249,2741,38387,21
2017-12-31,Santiago del Estero,64481,56376,4535,238,3332,22
2017-12-31,Tierra del Fuego,38952,34056,2739,144,2013,23
2017-12-31,Tucumán,211561,184971,14878,781,10931,24
2017-09-30,Buenos Aires,4780187,4166450,341904,17491,254342,1
2017-09-30,Capital Federal,1605054,1398978,114802,5873,85401,2
2017-09-30,Catamarca,38840,33853,2778,142,2067,3
2017-09-30,Chaco,102824,89623,7354,376,5471,4
2017-09-30,Chubut,118225,103046,8456,433,6290,5
2017-09-30,Córdoba,704433,613989,50385,2578,37481,6
2017-09-30,Corrientes,102558,89391,7335,375,5457,7
2017-09-30,Entre Ríos,224703,195853,16072,822,11956,8
2017-09-30,Formosa,41233,35939,2949,151,2194,9
2017-09-30,Jujuy,56581,49316,4047,207,3011,10
2017-09-30,La Pampa,82810,72178,5923,303,4406,11
2017-09-30,La Rioja,38014,33133,2719,139,2023,12
2017-09-30,Mendoza,377803,329297,27022,1382,20102,13
2017-09-30,Misiones,110690,96478,7917,405,5890,14
2017-09-30,Neuquén,101751,88687,7278,372,5414,15
2017-09-30,Río Negro,143888,125414,10292,526,7656,16
2017-09-30,Salta,139723,121784,9994,511,7434,17
2017-09-30,San Juan,112398,97968,8039,411,5980,18
2017-09-30,San Luis,53793,46886,3848,197,2862,19
2017-09-30,Santa Cruz,44728,38985,3199,164,2380,20
2017-09-30,Santa Fe,739999,644988,52929,2708,39374,21
2017-09-30,Santiago del Estero,65541,57126,4688,240,3487,22
2017-09-30,Tierra del Fuego,38815,33832,2776,142,2065,23
2017-09-30,Tucumán,211547,184386,15131,774,11256,24
2017-06-30,Buenos Aires,4916108,4280149,359598,18042,258319,1
2017-06-30,Capital Federal,1580199,1375781,115587,5799,83032,2
2017-06-30,Catamarca,38551,33564,2820,141,2026,3
2017-06-30,Chaco,103002,89678,7534,378,5412,4
2017-06-30,Chubut,115321,100403,8435,423,6060,5
2017-06-30,Córdoba,703322,612339,51446,2581,36956,6
2017-06-30,Corrientes,102444,89192,7493,376,5383,7
2017-06-30,Entre Ríos,225017,195908,16459,826,11824,8
2017-06-30,Formosa,40743,35472,2980,150,2141,9
2017-06-30,Jujuy,56381,49087,4124,207,2963,10
2017-06-30,La Pampa,81939,71338,5994,301,4306,11
2017-06-30,La Rioja,37869,32970,2770,139,1990,12
2017-06-30,Mendoza,370071,322197,27070,1358,19446,13
2017-06-30,Misiones,110533,96234,8085,406,5808,14
2017-06-30,Neuquén,98956,86155,7238,363,5200,15
2017-06-30,Río Negro,141053,122805,10318,518,7412,16
2017-06-30,Salta,139208,121199,10183,511,7315,17
2017-06-30,San Juan,107299,93418,7849,394,5638,18
2017-06-30,San Luis,53178,46299,3890,195,2794,19
2017-06-30,Santa Cruz,44254,38530,3237,162,2325,20
2017-06-30,Santa Fe,741843,645875,54264,2723,38981,21
2017-06-30,Santiago del Estero,66024,57484,4829,242,3469,22
2017-06-30,Tierra del Fuego,37976,33064,2778,139,1995,23
2017-06-30,Tucumán,210228,183031,15378,772,11047,24
2017-03-31,Buenos Aires,4872542,4259081,343205,18007,252249,1
2017-03-31,Capital Federal,1608800,1406249,113318,5946,83287,2
2017-03-31,Catamarca,38665,33797,2723,143,2002,3
2017-03-31,Chaco,102077,89226,7190,377,5284,4
2017-03-31,Chubut,122592,107157,8635,453,6347,5
2017-03-31,Córdoba,702744,614267,49499,2597,36381,6
2017-03-31,Corrientes,102049,89201,7188,377,5283,7
2017-03-31,Entre Ríos,223126,195034,15716,825,11551,8
2017-03-31,Formosa,41139,35959,2898,152,2130,9
2017-03-31,Jujuy,56418,49314,3974,209,2921,10
2017-03-31,La Pampa,83364,72868,5872,308,4316,11
2017-03-31,La Rioja,37770,33015,2660,140,1955,12
2017-03-31,Mendoza,381118,333135,26845,1408,19730,13
2017-03-31,Misiones,115189,100687,8113,426,5963,14
2017-03-31,Neuquén,101846,89023,7174,376,5273,15
2017-03-31,Río Negro,145598,127267,10255,538,7538,16
2017-03-31,Salta,139346,121802,9815,515,7214,17
2017-03-31,San Juan,114113,99745,8038,422,5908,18
2017-03-31,San Luis,53797,47024,3789,199,2785,19
2017-03-31,Santa Cruz,47233,41286,3327,175,2445,20
2017-03-31,Santa Fe,741856,648454,52254,2742,38406,21
2017-03-31,Santiago del Estero,64481,56363,4542,238,3338,22
2017-03-31,Tierra del Fuego,38952,34047,2744,144,2017,23
2017-03-31,Tucumán,211561,184925,14902,782,10952,24
2016-12-31,Buenos Aires,4881863,4268288,343324,18011,252240,1
2016-12-31,Capital Federal,1618260,1414870,113807,5970,83613,2
2016-12-31,Catamarca,38665,33805,2719,143,1998,3
2016-12-31,Chaco,102077,89247,7179,377,5274,4
2016-12-31,Chubut,122592,107185,8621,452,6334,5
2016-12-31,Córdoba,704306,615786,49531,2598,36391,6
2016-12-31,Corrientes,102049,89223,7177,376,5273,7
2016-12-31,Entre Ríos,223126,195082,15692,823,11529,8
2016-12-31,Formosa,41139,35968,2893,152,2126,9
2016-12-31,Jujuy,56418,49327,3968,208,2915,10
2016-12-31,La Pampa,83364,72886,5863,308,4307,11
2016-12-31,La Rioja,37770,33023,2656,139,1952,12
2016-12-31,Mendoza,381118,333217,26803,1406,19692,13
2016-12-31,Misiones,115189,100711,8101,425,5952,14
2016-12-31,Neuquén,101846,89046,7162,376,5262,15
2016-12-31,Río Negro,145598,127299,10239,537,7523,16
2016-12-31,Salta,139346,121832,9800,514,7200,17
2016-12-31,San Juan,114113,99771,8025,421,5896,18
2016-12-31,San Luis,53797,47036,3783,198,2780,19
2016-12-31,Santa Cruz,47233,41297,3322,174,2440,20
2016-12-31,Santa Fe,742944,649567,52249,2741,38387,21
2016-12-31,Santiago del Estero,64481,56376,4535,238,3332,22
2016-12-31,Tierra del Fuego,38952,34056,2739,144,2013,23
2016-12-31,Tucumán,211561,184971,14878,781,10931,24
2016-09-30,Buenos Aires,4780187,4166450,341904,17491,254342,1
2016-09-30,Capital Federal,1605054,1398978,114802,5873,85401,2
2016-09-30,Catamarca,38840,33853,2778,142,2067,3
2016-09-30,Chaco,102824,89623,7354,376,5471,4
2016-09-30,Chubut,118225,103046,8456,433,6290,5
2016-09-30,Córdoba,704433,613989,50385,2578,37481,6
2016-09-30,Corrientes,102558,89391,7335,375,5457,7
2016-09-30,Entre Ríos,224703,195853,16072,822,11956,8
2016-09-30,Formosa,41233,35939,2949,151,2194,9
2016-09-30,Jujuy,56581,49316,4047,207,3011,10
2016-09-30,La Pampa,82810,72178,5923,303,4406,11
2016-09-30,La Rioja,38014,33133,2719,139,2023,12
2016-09-30,Mendoza,377803,329297,27022,1382,20102,13
2016-09-30,Misiones,110690,96478,7917,405,5890,14
2016-09-30,Neuquén,101751,88687,7278,372,5414,15
2016-09-30,Río Negro,143888,125414,10292,526,7656,16
2016-09-30,Salta,139723,121784,9994,511,7434,17
2016-09-30,San Juan,112398,97968,8039,411,5980,18
2016-09-30,San Luis,53793,46886,3848,197,2862,19
2016-09-30,Santa Cruz,44728,38985,3199,164,2380,20
2016-09-30,Santa Fe,739999,644988,52929,2708,39374,21
2016-09-30,Santiago del Estero,65541,57126,4688,240,3487,22
2016-09-30,Tierra del Fuego,38815,33832,2776,142,2065,23
2016-09-30,Tucumán,211547,184386,15131,774,11256,24
2016-06-30,Buenos Aires,4916108,4280149,359598,18042,258319,1
2016-06-30,Capital Federal,1580199,1375781,115587,5799,83032,2
2016-06-30,Catamarca,38551,33564,2820,141,2026,3
2016-06-30,Chaco,103002,89678,7534,378,5412,4
2016-06-30,Chubut,115321,100403,8435,423,6060,5
2016-06-30,Córdoba,703322,612339,51446,2581,36956,6
2016-06-30,Corrientes,102444,89192,7493,376,5383,7
2016-06-30,Entre Ríos,225017,195908,16459,826,11824,8
2016-06-30,Formosa,40743,35472,2980,150,2141,9
2016-06-30,Jujuy,56381,49087,4124,207,2963,10
2016-06-30,La Pampa,81939,71338,5994,301,4306,11
2016-06-30,La Rioja,37869,32970,2770,139,1990,12
2016-06-30,Mendoza,370071,322197,27070,1358,19446,13
2016-06-30,Misiones,110533,96234,8085,406,5808,14
2016-06-30,Neuquén,98956,86155,7238,363,5200,15
2016-06-30,Río Negro,141053,122805,10318,518,7412,16
2016-06-30,Salta,139208,121199,10183,511,7315,17
2016-06-30,San Juan,107299,93418,7849,394,5638,18
2016-06-30,San Luis,53178,46299,3890,195,2794,19
2016-06-30,Santa Cruz,44254,38530,3237,162,2325,20
2016-06-30,Santa Fe,741843,645875,54264,2723,38981,21
2016-06-30,Santiago del Estero,66024,57484,4829,242,3469,22
2016-06-30,Tierra del Fuego,37976,33064,2778,139,1995,23
2016-06-30,Tucumán,210228,183031,15378,772,11047,24
2016-03-31,Buenos Aires,4872542,4259081,343205,18007,252249,1
2016-03-31,Capital Federal,1608800,1406249,113318,5946,83287,2
2016-03-31,Catamarca,38665,33797,2723,143,2002,3
2016-03-31,Chaco,102077,89226,7190,377,5284,4
2016-03-31,Chubut,122592,107157,8635,453,6347,5
2016-03-31,Córdoba,702744,614267,49499,2597,36381,6
2016-03-31,Corrientes,102049,89201,7188,377,5283,7
2016-03-31,Entre Ríos,223126,195034,15716,825,11551,8
2016-03-31,Formosa,41139,35959,2898,152,2130,9
2016-03-31,Jujuy,56418,49314,3974,209,2921,10
2016-03-31,La Pampa,83364,72868,5872,308,4316,11
2016-03-31,La Rioja,37770,33015,2660,140,1955,12
2016-03-31,Mendoza,381118,333135,26845,1408,19730,13
2016-03-31,Misiones,115189,100687,8113,426,5963,14
2016-03-31,Neuquén,101846,89023,7174,376,5273,15
2016-03-31,Río Negro,145598,127267,10255,538,7538,16
2016-03-31,Salta,139346,121802,9815,515,7214,17
2016-03-31,San Juan,114113,99745,8038,422,5908,18
2016-03-31,San Luis,53797,47024,3789,199,2785,19
2016-03-31,Santa Cruz,47233,41286,3327,175,2445,20
2016-03-31,Santa Fe,741856,648454,52254,2742,38406,21
2016-03-31,Santiago del Estero,64481,56363,4542,238,3338,22
2016-03-31,Tierra del Fuego,38952,34047,2744,144,2017,23
2016-03-31,Tucumán,211561,184925,14902,782,10952,24
2015-12-31,Buenos Aires,4713888,3960199,474122,16615,262952,1
2015-12-31,Capital Federal,1572421,1321012,158154,5542,87713,2
2015-12-31,Catamarca,39268,32990,3950,138,2190,3
2015-12-31,Chaco,103362,86836,10396,364,5766,4
2015-12-31,Chubut,110994,93247,11164,391,6192,5
2015-12-31,Córdoba,721431,606084,72561,2543,40243,6
2015-12-31,Corrientes,107615,90409,10824,379,6003,7
2015-12-31,Entre Ríos,228781,192202,23011,806,12762,8
2015-12-31,Formosa,41567,34920,4181,147,2319,9
2015-12-31,Jujuy,56957,47850,5729,201,3177,10
2015-12-31,La Pampa,79736,66987,8020,281,4448,11
2015-12-31,La Rioja,38574,32406,3880,136,2152,12
2015-12-31,Mendoza,361160,303416,36325,1273,20146,13
2015-12-31,Misiones,111733,93868,11238,394,6233,14
2015-12-31,Neuquén,108302,90986,10893,382,6041,15
2015-12-31,Río Negro,135095,113495,13588,476,7536,16
2015-12-31,Salta,141131,118566,14195,497,7873,17
2015-12-31,San Juan,104387,87697,10499,368,5823,18
2015-12-31,San Luis,53012,44536,5332,187,2957,19
2015-12-31,Santa Cruz,52927,44465,5323,187,2952,20
2015-12-31,Santa Fe,758242,637008,76264,2673,42297,21
2015-12-31,Santiago del Estero,68531,57573,6893,242,3823,22
2015-12-31,Tierra del Fuego,35528,29848,3573,125,1982,23
2015-12-31,Tucumán,213717,179546,21496,753,11922,24
2015-09-30,Buenos Aires,4713132,3922463,513849,16521,260299,1
2015-09-30,Capital Federal,1627395,1354386,177427,5704,89878,2
2015-09-30,Catamarca,39243,32660,4278,138,2167,3
2015-09-30,Chaco,107211,89225,11689,376,5921,4
2015-09-30,Chubut,110101,91630,12004,386,6081,5
2015-09-30,Córdoba,727761,605673,79344,2551,40193,6
2015-09-30,Corrientes,110808,92219,12081,388,6120,7
2015-09-30,Entre Ríos,235242,195778,25647,825,12992,8
2015-09-30,Formosa,41803,34789,4558,147,2309,9
2015-09-30,Jujuy,56787,47261,6191,199,3136,10
2015-09-30,La Pampa,78651,65456,8575,276,4344,11
2015-09-30,La Rioja,38651,32167,4214,135,2135,12
2015-09-30,Mendoza,358373,298253,39072,1256,19792,13
2015-09-30,Misiones,113211,94219,12343,397,6252,14
2015-09-30,Neuquén,98784,82212,10770,346,5456,15
2015-09-30,Río Negro,133855,111399,14594,469,7393,16
2015-09-30,Salta,141105,117433,15384,495,7793,17
2015-09-30,San Juan,103306,85976,11263,362,5705,18
2015-09-30,San Luis,53069,44166,5786,186,2931,19
2015-09-30,Santa Cruz,60005,49939,6542,210,3314,20
2015-09-30,Santa Fe,766859,638212,83607,2688,42352,21
2015-09-30,Santiago del Estero,69165,57562,7541,242,3820,22
2015-09-30,Tierra del Fuego,35152,29256,3832,123,1941,23
2015-09-30,Tucumán,213481,177668,23275,748,11790,24
2015-06-30,Buenos Aires,4665956,3872029,515120,16074,262733,1
2015-06-30,Capital Federal,1654650,1373106,182673,5700,93171,2
2015-06-30,Catamarca,39141,32481,4321,135,2204,3
2015-06-30,Chaco,104243,86506,11508,359,5870,4
2015-06-30,Chubut,107612,89302,11880,371,6059,5
2015-06-30,Córdoba,724175,600954,79949,2495,40777,6
2015-06-30,Corrientes,108530,90063,11982,374,6111,7
2015-06-30,Entre Ríos,229823,190718,25372,792,12941,8
2015-06-30,Formosa,41848,34728,4620,144,2356,9
2015-06-30,Jujuy,56443,46840,6231,194,3178,10
2015-06-30,La Pampa,78106,64816,8623,269,4398,11
2015-06-30,La Rioja,38903,32283,4295,134,2191,12
2015-06-30,Mendoza,350326,290717,38676,1207,19726,13
2015-06-30,Misiones,110526,91719,12202,381,6224,14
2015-06-30,Neuquén,97708,81082,10787,337,5502,15
2015-06-30,Río Negro,131424,109062,14509,453,7400,16
2015-06-30,Salta,140955,116971,15561,486,7937,17
2015-06-30,San Juan,100775,83628,11126,347,5674,18
2015-06-30,San Luis,52860,43866,5836,182,2976,19
2015-06-30,Santa Cruz,58897,48876,6502,203,3316,20
2015-06-30,Santa Fe,764496,634414,84400,2634,43048,21
2015-06-30,Santiago del Estero,70102,58175,7739,241,3947,22
2015-06-30,Tierra del Fuego,34186,28369,3774,118,1925,23
2015-06-30,Tucumán,212182,176078,23425,731,11948,24
2015-03-31,Buenos Aires,4801996,3979224,540095,17562,265115,1
2015-03-31,Capital Federal,1634130,1354140,183795,5976,90219,2
2015-03-31,Catamarca,39142,32436,4402,143,2161,3
2015-03-31,Chaco,104250,86388,11725,381,5756,4
2015-03-31,Chubut,104281,86414,11729,381,5757,5
2015-03-31,Córdoba,729084,604164,82002,2666,40252,6
2015-03-31,Corrientes,108534,89938,12207,397,5992,7
2015-03-31,Entre Ríos,229839,190458,25851,841,12689,8
2015-03-31,Formosa,41854,34683,4707,153,2311,9
2015-03-31,Jujuy,56446,46775,6349,206,3116,10
2015-03-31,La Pampa,76862,63693,8645,281,4243,11
2015-03-31,La Rioja,38902,32237,4375,142,2148,12
2015-03-31,Mendoza,339093,280993,38139,1240,18721,13
2015-03-31,Misiones,110526,91589,12431,404,6102,14
2015-03-31,Neuquén,96099,79633,10809,351,5306,15
2015-03-31,Río Negro,127343,105523,14323,466,7031,16
2015-03-31,Salta,140946,116796,15853,515,7782,17
2015-03-31,San Juan,98340,81490,11061,360,5429,18
2015-03-31,San Luis,52039,43123,5853,190,2873,19
2015-03-31,Santa Cruz,57685,47801,6488,211,3185,20
2015-03-31,Santa Fe,766506,635174,86211,2803,42318,21
2015-03-31,Santiago del Estero,70101,58091,7884,256,3870,22
2015-03-31,Tierra del Fuego,33423,27697,3759,122,1845,23
2015-03-31,Tucumán,212265,175896,23874,776,11719,24
2014-12-31,Buenos Aires,4463139,3680053,509659,15264,258163,1
2014-12-31,Capital Federal,1615174,1331781,184442,5524,93427,2
2014-12-31,Catamarca,39423,32506,4502,135,2280,3
2014-12-31,Chaco,105378,86890,12033,360,6095,4
2014-12-31,Chubut,99562,82093,11369,341,5759,5
2014-12-31,Córdoba,731926,603505,83581,2503,42337,6
2014-12-31,Corrientes,105219,86758,12015,360,6086,7
2014-12-31,Entre Ríos,230049,189685,26270,787,13307,8
2014-12-31,Formosa,42133,34741,4811,144,2437,9
2014-12-31,Jujuy,56456,46550,6447,193,3266,10
2014-12-31,La Pampa,73063,60244,8343,250,4226,11
2014-12-31,La Rioja,39162,32291,4472,134,2265,12
2014-12-31,Mendoza,327635,270148,37414,1121,18952,13
2014-12-31,Misiones,111784,92171,12765,382,6466,14
2014-12-31,Neuquén,93902,77426,10723,321,5432,15
2014-12-31,Río Negro,123365,101720,14087,422,7136,16
2014-12-31,Salta,141211,116435,16125,483,8168,17
2014-12-31,San Juan,95135,78443,10864,325,5503,18
2014-12-31,San Luis,51237,42247,5851,175,2964,19
2014-12-31,Santa Cruz,41523,34237,4742,142,2402,20
2014-12-31,Santa Fe,770455,635273,87981,2635,44566,21
2014-12-31,Santiago del Estero,70523,58150,8053,241,4079,22
2014-12-31,Tierra del Fuego,32912,27137,3758,113,1904,23
2014-12-31,Tucumán,212990,175620,24322,728,12320,24
2014-09-30,Buenos Aires,4405762,3631816,500343,14902,258701,1
2014-09-30,Capital Federal,1607082,1324771,182509,5436,94366,2
2014-09-30,Catamarca,39453,32522,4481,133,2317,3
2014-09-30,Chaco,105864,87267,12023,358,6216,4
2014-09-30,Chubut,98074,80845,11138,332,5759,5
2014-09-30,Córdoba,733130,604343,83258,2480,43049,6
2014-09-30,Corrientes,105505,86971,11982,357,6195,7
2014-09-30,Entre Ríos,230563,190061,26184,780,13538,8
2014-09-30,Formosa,42310,34878,4805,143,2484,9
2014-09-30,Jujuy,56366,46464,6401,191,3310,10
2014-09-30,La Pampa,72155,59480,8194,244,4237,11
2014-09-30,La Rioja,39373,32457,4471,133,2312,12
2014-09-30,Mendoza,320228,263975,36367,1083,18803,13
2014-09-30,Misiones,111998,92324,12719,379,6576,14
2014-09-30,Neuquén,92775,76477,10536,314,5448,15
2014-09-30,Río Negro,121350,100033,13781,410,7126,16
2014-09-30,Salta,141312,116488,16048,478,8298,17
2014-09-30,San Juan,93056,76709,10568,315,5464,18
2014-09-30,San Luis,50779,41858,5767,172,2982,19
2014-09-30,Santa Cruz,41015,33810,4658,139,2408,20
2014-09-30,Santa Fe,772744,636998,87757,2614,45375,21
2014-09-30,Santiago del Estero,70719,58296,8031,239,4153,22
2014-09-30,Tierra del Fuego,32698,26954,3713,111,1920,23
2014-09-30,Tucumán,212958,175548,24185,720,12505,24
2014-06-30,Buenos Aires,4379382,3610509,492119,14373,262381,1
2014-06-30,Capital Federal,1602485,1321143,180074,5259,96009,2
2014-06-30,Catamarca,39351,32442,4422,129,2358,3
2014-06-30,Chaco,102310,84347,11497,336,6130,4
2014-06-30,Chubut,97603,80467,10968,320,5848,5
2014-06-30,Córdoba,737107,607696,82830,2419,44162,6
2014-06-30,Corrientes,102628,84609,11533,337,6149,7
2014-06-30,Entre Ríos,223774,184487,25146,734,13407,8
2014-06-30,Formosa,42246,34829,4747,139,2531,9
2014-06-30,Jujuy,56187,46323,6314,184,3366,10
2014-06-30,La Pampa,72837,60049,8185,239,4364,11
2014-06-30,La Rioja,39474,32543,4436,130,2365,12
2014-06-30,Mendoza,320351,264109,35998,1051,19193,13
2014-06-30,Misiones,110906,91434,12463,364,6645,14
2014-06-30,Neuquén,92792,76501,10427,305,5559,15
2014-06-30,Río Negro,121250,99963,13625,398,7264,16
2014-06-30,Salta,141122,116346,15858,463,8455,17
2014-06-30,San Juan,92439,76210,10388,303,5538,18
2014-06-30,San Luis,51093,42123,5741,168,3061,19
2014-06-30,Santa Cruz,40728,33577,4577,134,2440,20
2014-06-30,Santa Fe,767767,632973,86275,2520,45999,21
2014-06-30,Santiago del Estero,70616,58218,7935,232,4231,22
2014-06-30,Tierra del Fuego,32631,26902,3667,107,1955,23
2014-06-30,Tucumán,211913,174709,23813,695,12696,24
2014-03-31,Buenos Aires,4385408,3622153,488810,14179,260266,1
2014-03-31,Capital Federal,1604914,1325588,178888,5189,95249,2
2014-03-31,Catamarca,39318,32476,4382,127,2333,3
2014-03-31,Chaco,102435,84607,11418,331,6079,4
2014-03-31,Chubut,97607,80618,10880,316,5793,5
2014-03-31,Córdoba,741515,612460,82651,2397,44007,6
2014-03-31,Corrientes,102607,84748,11437,332,6090,7
2014-03-31,Entre Ríos,223508,184607,24913,723,13265,8
2014-03-31,Formosa,42201,34856,4704,136,2505,9
2014-03-31,Jujuy,55953,46214,6237,181,3321,10
2014-03-31,La Pampa,72038,59500,8030,233,4275,11
2014-03-31,La Rioja,39625,32728,4417,128,2352,12
2014-03-31,Mendoza,320413,264647,35714,1036,19016,13
2014-03-31,Misiones,111018,91696,12374,359,6589,14
2014-03-31,Neuquén,92732,76593,10336,300,5503,15
2014-03-31,Río Negro,121289,100180,13519,392,7198,16
2014-03-31,Salta,140841,116328,15699,455,8359,17
2014-03-31,San Juan,92461,76369,10306,299,5487,18
2014-03-31,San Luis,51097,42205,5695,165,3032,19
2014-03-31,Santa Cruz,40625,33555,4528,131,2411,20
2014-03-31,Santa Fe,770361,636284,85867,2491,45719,21
2014-03-31,Santiago del Estero,70717,58409,7882,229,4197,22
2014-03-31,Tierra del Fuego,32631,26951,3637,106,1937,23
2014-03-31,Tucumán,210917,174209,23509,682,12517,24
